,tic,time_period_in_months,model,total return,idle return
0,BAJAJ-AUTO.NS,1,a2c,414357.72,342564.3
1,BAJAJ-AUTO.NS,3,a2c,992905.02,956175.0
2,BAJAJ-AUTO.NS,6,a2c,1613828.0699999998,1591250.2
3,BAJAJ-AUTO.NS,12,a2c,1983453.9199999997,1955405.9
4,BAJAJ-AUTO.NS,18,a2c,1500024.27,1479130.5999999999
5,BAJAJ-AUTO.NS,24,a2c,1755680.77,1731003.5999999999
6,BAJAJFINSV.NS,1,a2c,787452.1699999999,701266.7
7,BAJAJFINSV.NS,3,a2c,1949099.44,1868790.5999999999
8,BAJAJFINSV.NS,6,a2c,4152986.76,3975812.0999999996
9,BAJAJFINSV.NS,12,a2c,5766082.86,5519077.2
10,BAJAJFINSV.NS,18,a2c,7467767.46,7147095.8
11,BAJAJFINSV.NS,24,a2c,7309463.16,6995644.5
12,BHARTIARTL.NS,1,a2c,73732.69,61588.350000000006
13,BHARTIARTL.NS,3,a2c,147065.86000000002,129808.8
14,BHARTIARTL.NS,6,a2c,244407.33000000002,207596.80000000002
15,BHARTIARTL.NS,12,a2c,250738.83000000002,212969.80000000002
16,BHARTIARTL.NS,18,a2c,318110.68,270142.5
17,BHARTIARTL.NS,24,a2c,341912.43,290341.0
18,CIPLA.NS,1,a2c,104349.42,82817.25
19,CIPLA.NS,3,a2c,266596.63,274446.0
20,CIPLA.NS,6,a2c,398145.48,432508.14999999997
21,CIPLA.NS,12,a2c,459081.48,498649.10000000003
22,CIPLA.NS,18,a2c,436353.48,473979.75
23,CIPLA.NS,24,a2c,493041.4799999999,535509.85
24,EICHERMOT.NS,1,a2c,336193.54,243536.65999999997
25,EICHERMOT.NS,3,a2c,808389.77,787063.0
26,EICHERMOT.NS,6,a2c,1232077.6700000002,1267347.95
27,EICHERMOT.NS,12,a2c,1367611.0200000003,1406653.6
28,EICHERMOT.NS,18,a2c,1246614.37,1282289.25
29,EICHERMOT.NS,24,a2c,1262081.62,1298187.0
30,ICICIBANK.NS,1,a2c,48165.43000000001,37801.200000000004
31,ICICIBANK.NS,3,a2c,122709.84,113184.85
32,ICICIBANK.NS,6,a2c,246359.72000000003,239766.1
33,ICICIBANK.NS,12,a2c,307458.32,299189.0
34,ICICIBANK.NS,18,a2c,346468.51999999996,337129.3
35,ICICIBANK.NS,24,a2c,359029.51999999996,349345.8
36,LT.NS,1,a2c,150617.55,100479.5
37,LT.NS,3,a2c,331022.55,284753.10000000003
38,LT.NS,6,a2c,650728.51,584098.2000000001
39,LT.NS,12,a2c,769125.76,690304.0499999999
40,LT.NS,18,a2c,948198.76,850937.85
41,LT.NS,24,a2c,877448.26,787472.5499999999
42,M&M.NS,1,a2c,80594.69,76412.70000000001
43,M&M.NS,3,a2c,207071.74000000002,233016.00000000003
44,M&M.NS,6,a2c,336007.07,388178.7
45,M&M.NS,12,a2c,375407.97,433660.5
46,M&M.NS,18,a2c,390827.76999999996,451460.10000000003
47,M&M.NS,24,a2c,413177.01999999996,477258.60000000003
48,MARUTI.NS,1,a2c,832282.9,713953.5
49,MARUTI.NS,3,a2c,2276984.22,2400419.0
50,MARUTI.NS,6,a2c,3528977.2,3868711.0
51,MARUTI.NS,12,a2c,3607329.2,3954533.0
52,MARUTI.NS,18,a2c,3483736.0,3819156.55
53,MARUTI.NS,24,a2c,3571693.2,3915499.5
54,NTPC.NS,1,a2c,12692.13,9135.0
55,NTPC.NS,3,a2c,29858.890000000003,26141.050000000003
56,NTPC.NS,6,a2c,48878.92,43193.5
57,NTPC.NS,12,a2c,56476.119999999995,49901.5
58,NTPC.NS,18,a2c,60615.619999999995,53556.5
59,NTPC.NS,24,a2c,79438.17,70176.0
60,POWERGRID.NS,1,a2c,21248.78,14710.3
61,POWERGRID.NS,3,a2c,44541.41,38948.64
62,POWERGRID.NS,6,a2c,71628.22,64216.02
63,POWERGRID.NS,12,a2c,86338.73999999999,77393.57999999999
64,POWERGRID.NS,18,a2c,103908.53,93132.45
65,POWERGRID.NS,24,a2c,115260.78,103301.7
66,RELIANCE.NS,1,a2c,322253.43,254253.3
67,RELIANCE.NS,3,a2c,809805.24,848628.9
68,RELIANCE.NS,6,a2c,984687.61,1079778.7
69,RELIANCE.NS,12,a2c,1034453.4099999999,1134298.5499999998
70,RELIANCE.NS,18,a2c,1162767.01,1274869.75
71,RELIANCE.NS,24,a2c,1250638.21,1371135.15
72,SBIN.NS,1,a2c,30228.18,21633.85
73,SBIN.NS,3,a2c,67111.61000000002,61621.65
74,SBIN.NS,6,a2c,136961.36000000002,131270.4
75,SBIN.NS,12,a2c,213454.16,204537.6
76,SBIN.NS,18,a2c,229888.16,220278.6
77,SBIN.NS,24,a2c,253642.76,243031.5
78,SUNPHARMA.NS,1,a2c,81296.39,60613.8
79,SUNPHARMA.NS,3,a2c,181041.52999999997,173103.3
80,SUNPHARMA.NS,6,a2c,286207.29000000004,281149.05000000005
81,SUNPHARMA.NS,12,a2c,327833.69,322007.75
82,SUNPHARMA.NS,18,a2c,386491.29000000004,379583.55000000005
83,SUNPHARMA.NS,24,a2c,452395.69,444272.5
84,TATACONSUM.NS,1,a2c,54316.67,50509.9
85,TATACONSUM.NS,3,a2c,166925.22,201300.0
86,TATACONSUM.NS,6,a2c,278114.82,340384.25
87,TATACONSUM.NS,12,a2c,349794.12,428044.0
88,TATACONSUM.NS,18,a2c,335541.42,410613.75
89,TATACONSUM.NS,24,a2c,379685.51999999996,464599.5
90,TATASTEEL.NS,1,a2c,55273.16,43223.4
91,TATASTEEL.NS,3,a2c,131616.54,138768.75
92,TATASTEEL.NS,6,a2c,307295.74,336569.8
93,TATASTEEL.NS,12,a2c,566139.34,619913.0
94,TATASTEEL.NS,18,a2c,547865.74,599909.8
95,TATASTEEL.NS,24,a2c,650630.44,712401.2
96,TECHM.NS,1,a2c,115131.12999999999,84524.59999999999
97,TECHM.NS,3,a2c,287069.43,307260.0
98,TECHM.NS,6,a2c,477011.56,567312.9
99,TECHM.NS,12,a2c,548781.16,652610.5
100,TECHM.NS,18,a2c,848308.36,1008596.2
101,TECHM.NS,24,a2c,677326.36,805385.45
102,UPL.NS,1,a2c,79801.61,52596.5
103,UPL.NS,3,a2c,183281.29,167654.0
104,UPL.NS,6,a2c,229658.63999999998,218085.4
105,UPL.NS,12,a2c,407995.89,387277.14999999997
106,UPL.NS,18,a2c,382443.09,363034.75
107,UPL.NS,24,a2c,407995.89,387277.14999999997
108,WIPRO.NS,1,a2c,151626.16,35399.7
109,WIPRO.NS,3,a2c,179194.78999999998,123042.5
110,WIPRO.NS,6,a2c,3033006.06,232420.3
111,WIPRO.NS,12,a2c,6439346.17,332332.5
112,WIPRO.NS,18,a2c,8294184.79,421591.85
113,WIPRO.NS,24,a2c,8604073.85,326930.2
114,ASIANPAINT.NS,1,sac,197109.29,174981.0
115,ASIANPAINT.NS,3,sac,191833.07,219514.4
116,ASIANPAINT.NS,6,sac,771239.5299999999,282346.39999999997
117,ASIANPAINT.NS,12,sac,771239.5299999999,282346.39999999997
118,ASIANPAINT.NS,18,sac,771239.5299999999,282346.39999999997
119,ASIANPAINT.NS,24,sac,771239.5299999999,282346.39999999997
120,AXISBANK.NS,1,sac,13794.3,13812.8
121,AXISBANK.NS,3,sac,-432110.8299999999,29132.8
122,AXISBANK.NS,6,sac,-432110.8299999999,29132.8
123,AXISBANK.NS,12,sac,-432110.8299999999,29132.8
124,AXISBANK.NS,18,sac,-433021.23,43443.2
125,AXISBANK.NS,24,sac,-433021.23,51126.4
126,BAJAJ-AUTO.NS,1,sac,183046.34,192316.8
127,BAJAJ-AUTO.NS,3,sac,255971.68,273173.55
128,BAJAJ-AUTO.NS,6,sac,255971.68,273173.55
129,BAJAJ-AUTO.NS,12,sac,255971.68,273173.55
130,BAJAJ-AUTO.NS,18,sac,255971.68,273173.55
131,BAJAJ-AUTO.NS,24,sac,255971.68,273173.55
132,BAJAJFINSV.NS,1,sac,737855.21,645413.6
133,BAJAJFINSV.NS,3,sac,1103746.0899999999,1022545.7999999999
134,BAJAJFINSV.NS,6,sac,1734935.8699999999,1610113.95
135,BAJAJFINSV.NS,12,sac,2408805.0200000005,2235101.4
136,BAJAJFINSV.NS,18,sac,3135837.63,2942921.8
137,BAJAJFINSV.NS,24,sac,3069363.53,2880559.5
138,BAJFINANCE.NS,3,sac,227052.8,266874.75
139,BAJFINANCE.NS,6,sac,369197.78,437144.4
140,BAJFINANCE.NS,12,sac,431088.48,510367.2
141,BAJFINANCE.NS,18,sac,539237.31,705610.5
142,BAJFINANCE.NS,24,sac,566045.91,740667.9
143,CIPLA.NS,1,sac,87789.42,72015.0
144,CIPLA.NS,3,sac,136349.00999999998,128074.8
145,CIPLA.NS,6,sac,170049.34,166030.0
146,CIPLA.NS,12,sac,223805.38,228746.9
147,CIPLA.NS,18,sac,245443.18,265647.0
148,CIPLA.NS,24,sac,287598.84,316577.8
149,DRREDDY.NS,1,sac,618975.47,470189.2
150,DRREDDY.NS,3,sac,1082181.94,976166.3999999999
151,DRREDDY.NS,6,sac,1154004.01,1055965.4000000001
152,DRREDDY.NS,12,sac,1183173.9000000001,1083097.2
153,DRREDDY.NS,18,sac,1111801.62,1037550.8
154,DRREDDY.NS,24,sac,1014667.1699999999,946973.95
155,EICHERMOT.NS,1,sac,303196.20999999996,210514.74
156,EICHERMOT.NS,3,sac,395466.28,309988.5
157,EICHERMOT.NS,6,sac,269840.43,343581.75
158,EICHERMOT.NS,12,sac,414673.9199999998,383632.80000000005
159,EICHERMOT.NS,18,sac,121526.20000000001,385381.19999999995
160,EICHERMOT.NS,24,sac,113326.60000000006,357914.4
161,GRASIM.NS,1,sac,31594.869999999995,30386.399999999998
162,GRASIM.NS,3,sac,1313.31,55470.799999999996
163,GRASIM.NS,6,sac,1313.31,55470.799999999996
164,GRASIM.NS,12,sac,1313.31,55470.799999999996
165,GRASIM.NS,18,sac,1313.31,55470.799999999996
166,GRASIM.NS,24,sac,1313.31,55470.799999999996
167,HCLTECH.NS,1,sac,1260.4099999999999,2600.6
168,HCLTECH.NS,3,sac,59237.74,82087.75
169,HCLTECH.NS,6,sac,106799.80999999998,153018.8
170,HCLTECH.NS,12,sac,123323.27999999998,180212.65
171,HCLTECH.NS,18,sac,-793751.0899999997,209799.44999999998
172,HCLTECH.NS,24,sac,-794861.1399999999,225306.9
173,HDFC.NS,1,sac,251066.16,181758.9
174,HDFC.NS,3,sac,301254.19999999995,234694.69999999998
175,HDFC.NS,6,sac,440552.05,344226.55
176,HDFC.NS,12,sac,446381.55,348778.8
177,HDFC.NS,18,sac,348623.92,357389.85000000003
178,HDFC.NS,24,sac,282479.51,314626.5
179,HDFCBANK.NS,1,sac,106116.93000000002,60935.2
180,HDFCBANK.NS,3,sac,74144.20000000004,62932.350000000006
181,HDFCBANK.NS,6,sac,74144.20000000004,62932.350000000006
182,HDFCBANK.NS,12,sac,74144.20000000004,62932.350000000006
183,HDFCBANK.NS,18,sac,74144.20000000004,62932.350000000006
184,HDFCBANK.NS,24,sac,74144.20000000004,62932.350000000006
185,HEROMOTOCO.NS,1,sac,310184.93,302444.5
186,HEROMOTOCO.NS,3,sac,313780.04,476242.5
187,HEROMOTOCO.NS,6,sac,584163.27,462390.0
188,HEROMOTOCO.NS,12,sac,344891.43999999994,440880.0
189,HEROMOTOCO.NS,18,sac,473946.44,502466.99999999994
190,HEROMOTOCO.NS,24,sac,468604.51999999996,479934.0
191,HINDALCO.NS,1,sac,25590.530000000002,17777.899999999998
192,HINDALCO.NS,3,sac,5943.089999999976,23108.4
193,HINDALCO.NS,6,sac,196202.38,23553.800000000003
194,HINDALCO.NS,12,sac,196202.38,23553.800000000003
195,HINDALCO.NS,18,sac,195483.18,60698.850000000006
196,HINDALCO.NS,24,sac,195483.17999999996,62270.850000000006
197,HINDUNILVR.NS,1,sac,46540.04,11590.0
198,HINDUNILVR.NS,3,sac,50453.01,16632.4
199,HINDUNILVR.NS,6,sac,44211.6,19111.2
200,HINDUNILVR.NS,12,sac,44211.6,19696.0
201,HINDUNILVR.NS,18,sac,130170.96000000002,109084.65
202,HINDUNILVR.NS,24,sac,-101829.70999999999,102349.55
203,ICICIBANK.NS,3,sac,6766.82,6426.900000000001
204,ICICIBANK.NS,6,sac,280674.46,9505.7
205,ICICIBANK.NS,12,sac,280174.16,11472.199999999999
206,ICICIBANK.NS,18,sac,280174.16,11472.199999999999
207,ICICIBANK.NS,24,sac,280174.16,11472.199999999999
208,INDUSINDBK.NS,1,sac,-66150.13,4625.099999999999
209,INDUSINDBK.NS,3,sac,-66664.03,4633.650000000001
210,INDUSINDBK.NS,6,sac,-66664.03,4633.650000000001
211,INDUSINDBK.NS,12,sac,-66664.03,4633.650000000001
212,INDUSINDBK.NS,18,sac,-66664.03,4633.650000000001
213,INDUSINDBK.NS,24,sac,-66664.03,4633.650000000001
214,INFY.NS,3,sac,41326.36,53477.0
215,INFY.NS,6,sac,148704.2,217052.5
216,INFY.NS,12,sac,204500.6,303820.60000000003
217,INFY.NS,18,sac,339704.45,590716.7999999999
218,INFY.NS,24,sac,298099.4,518848.0
219,IOC.NS,1,sac,10265.179999999998,6818.349999999999
220,IOC.NS,3,sac,8364.859999999999,6446.7
221,IOC.NS,6,sac,9465.71,8573.75
222,IOC.NS,12,sac,1305218.24,10701.75
223,IOC.NS,18,sac,1305327.5200000003,10731.0
224,IOC.NS,24,sac,1305327.5200000003,10731.0
225,ITC.NS,1,sac,15324.66,12231.45
226,ITC.NS,3,sac,335.56,11453.400000000001
227,ITC.NS,6,sac,335.56,11453.400000000001
228,ITC.NS,12,sac,335.56,11453.400000000001
229,ITC.NS,18,sac,335.56,11453.400000000001
230,ITC.NS,24,sac,335.56,11453.400000000001
231,JSWSTEEL.NS,3,sac,28879.529999999984,16477.800000000003
232,JSWSTEEL.NS,6,sac,39483.47999999999,34061.25
233,JSWSTEEL.NS,12,sac,-320540.42,38484.5
234,JSWSTEEL.NS,18,sac,-320540.42,38484.5
235,JSWSTEEL.NS,24,sac,-320540.42,38484.5
236,KOTAKBANK.NS,1,sac,171952.33,128380.5
237,KOTAKBANK.NS,3,sac,180243.81999999998,159137.35
238,KOTAKBANK.NS,6,sac,296142.09,264523.7
239,KOTAKBANK.NS,12,sac,268710.0,244635.0
240,KOTAKBANK.NS,18,sac,275003.0,250359.59999999998
241,KOTAKBANK.NS,24,sac,271097.0,246806.40000000002
242,LT.NS,1,sac,17284.52,17355.55
243,LT.NS,3,sac,47336.61000000001,57308.8
244,LT.NS,6,sac,173862.53,199857.0
245,LT.NS,12,sac,203968.63,251435.24999999997
246,LT.NS,18,sac,621694.7099999997,273916.5
247,LT.NS,24,sac,620034.61,287669.25
248,LUPIN.NS,1,sac,25874.62,37062.0
249,LUPIN.NS,3,sac,81727.3,97818.7
250,LUPIN.NS,6,sac,169001.2,186912.5
251,LUPIN.NS,12,sac,206059.87,228165.3
252,LUPIN.NS,18,sac,133885.91,180665.1
253,LUPIN.NS,24,sac,-992988.9999999999,152489.69999999998
254,M&M.NS,1,sac,23617.350000000002,27896.7
255,M&M.NS,3,sac,-84556.85999999999,48849.0
256,M&M.NS,6,sac,-84556.85999999999,48849.0
257,M&M.NS,12,sac,-84556.85999999999,48849.0
258,M&M.NS,18,sac,-87127.86,69232.2
259,M&M.NS,24,sac,-87127.86,63361.200000000004
260,MARUTI.NS,1,sac,794741.68,676377.0
261,MARUTI.NS,3,sac,1125147.72,1031640.75
262,MARUTI.NS,6,sac,1360905.41,1287076.0
263,MARUTI.NS,12,sac,1398758.49,1323277.0
264,MARUTI.NS,18,sac,1350839.94,1277976.95
265,MARUTI.NS,24,sac,1384941.99,1310215.5
266,NESTLEIND.NS,1,sac,2195669.33,1751353.2000000002
267,NESTLEIND.NS,3,sac,2668751.87,2233781.5500000003
268,NESTLEIND.NS,6,sac,3177733.3699999996,2659421.05
269,NESTLEIND.NS,12,sac,2991232.22,2503458.1
270,NESTLEIND.NS,18,sac,3282248.57,2746822.65
271,NESTLEIND.NS,24,sac,3171603.02,2654294.5
272,NTPC.NS,6,sac,799.57,803.6
273,NTPC.NS,12,sac,-54049.45999999999,12069.199999999999
274,NTPC.NS,18,sac,-30822.83,42845.2
275,NTPC.NS,24,sac,-17683.990000000005,60220.799999999996
276,ONGC.NS,3,sac,-13903.870000000003,760.6500000000001
277,ONGC.NS,6,sac,-14552.38,1649.7
278,ONGC.NS,12,sac,-14552.38,1649.7
279,ONGC.NS,18,sac,-14552.38,1649.7
280,ONGC.NS,24,sac,-14552.38,1649.7
281,POWERGRID.NS,1,sac,-166.44000000000688,5884.12
282,POWERGRID.NS,3,sac,118454.99,20576.64
283,POWERGRID.NS,6,sac,144480.71000000002,48126.1
284,POWERGRID.NS,12,sac,167129.67,75489.04
285,POWERGRID.NS,18,sac,204445.53,124801.65
286,POWERGRID.NS,24,sac,217209.26,140971.0
287,RELIANCE.NS,1,sac,293781.9,208777.09999999998
288,RELIANCE.NS,3,sac,34932.76999999996,314307.0
289,RELIANCE.NS,6,sac,-1713.990000000049,280462.0
290,RELIANCE.NS,12,sac,68501.44,361965.39999999997
291,RELIANCE.NS,18,sac,497767.92,901160.25
292,RELIANCE.NS,24,sac,560717.54,976838.3999999999
293,SBIN.NS,1,sac,-60283.79000000002,7083.65
294,SBIN.NS,3,sac,149436.31999999995,13428.45
295,SBIN.NS,6,sac,149436.31999999995,13428.45
296,SBIN.NS,12,sac,149436.31999999995,13428.45
297,SBIN.NS,18,sac,149436.31999999995,13428.45
298,SBIN.NS,24,sac,149436.31999999995,13428.45
299,SHREECEM.NS,1,sac,2646565.5500000003,2084270.4000000001
300,SHREECEM.NS,3,sac,3051648.8400000003,2519000.5500000003
301,SHREECEM.NS,6,sac,3649307.44,3011874.85
302,SHREECEM.NS,12,sac,4421394.14,3648595.6999999997
303,SHREECEM.NS,18,sac,4052356.24,3344259.25
304,SHREECEM.NS,24,sac,3914156.64,3230289.4499999997
305,SUNPHARMA.NS,1,sac,14955.380000000001,2498.5
306,SUNPHARMA.NS,3,sac,20546.85,11641.449999999999
307,SUNPHARMA.NS,6,sac,61129.08000000001,58695.00000000001
308,SUNPHARMA.NS,12,sac,73568.42,74457.59999999999
309,SUNPHARMA.NS,18,sac,466630.44000000006,86441.59999999999
310,SUNPHARMA.NS,24,sac,464315.04000000004,102099.2
311,TATACONSUM.NS,1,sac,50895.61000000001,47085.5
312,TATACONSUM.NS,3,sac,40164.98,74984.25
313,TATACONSUM.NS,6,sac,28733.1,78865.7
314,TATACONSUM.NS,12,sac,28203.800000000003,112882.40000000001
315,TATACONSUM.NS,18,sac,28203.8,108285.75
316,TATACONSUM.NS,24,sac,28203.800000000003,122522.7
317,TATAMOTORS.NS,1,sac,17256.08,11511.5
318,TATAMOTORS.NS,3,sac,-264407.83999999997,19359.899999999998
319,TATAMOTORS.NS,6,sac,-65196.34999999987,19624.5
320,TATAMOTORS.NS,12,sac,-65196.34999999987,19624.5
321,TATAMOTORS.NS,18,sac,-65196.34999999987,19624.5
322,TATAMOTORS.NS,24,sac,-65196.34999999987,19624.5
323,TATASTEEL.NS,1,sac,7661.38,13553.1
324,TATASTEEL.NS,3,sac,12915.08,19982.7
325,TATASTEEL.NS,6,sac,34115.59,55673.2
326,TATASTEEL.NS,12,sac,62875.99,102542.0
327,TATASTEEL.NS,18,sac,60845.590000000004,99233.20000000001
328,TATASTEEL.NS,24,sac,72263.89,117840.79999999999
329,TCS.NS,1,sac,166357.62999999998,140220.8
330,TCS.NS,3,sac,183982.47,159257.6
331,TCS.NS,6,sac,216616.47,187481.6
332,TCS.NS,12,sac,250020.07,216371.2
333,TCS.NS,18,sac,921000.62,244982.4
334,TCS.NS,24,sac,913344.9199999999,233977.6
335,TECHM.NS,1,sac,59243.52,49760.45
336,TECHM.NS,3,sac,97467.86,94482.45
337,TECHM.NS,6,sac,123033.11,121228.8
338,TECHM.NS,12,sac,141545.11,139456.0
339,TECHM.NS,18,sac,218804.11,215526.4
340,TECHM.NS,24,sac,174701.61,172102.4
341,TITAN.NS,1,sac,139694.92,105368.25
342,TITAN.NS,3,sac,79127.09,161087.4
343,TITAN.NS,6,sac,759504.16,177806.1
344,TITAN.NS,12,sac,759504.16,177806.1
345,TITAN.NS,18,sac,756927.26,342916.2
346,TITAN.NS,24,sac,756927.26,348884.7
347,ULTRACEMCO.NS,1,sac,538941.42,432316.5
348,ULTRACEMCO.NS,3,sac,580223.2,572756.1
349,ULTRACEMCO.NS,6,sac,719229.2,725043.1499999999
350,ULTRACEMCO.NS,12,sac,968548.2,976143.0
351,ULTRACEMCO.NS,18,sac,1027012.2,1035024.6000000001
352,ULTRACEMCO.NS,24,sac,928872.2,936183.6000000001
353,UPL.NS,1,sac,89247.01999999999,28210.85
354,UPL.NS,3,sac,458403.62,48431.0
355,UPL.NS,6,sac,440508.4399999999,44916.0
356,UPL.NS,12,sac,441643.32999999996,79709.84999999999
357,UPL.NS,18,sac,5156.059999999974,84100.7
358,UPL.NS,24,sac,2398.6599999999744,98228.3
359,WIPRO.NS,1,sac,10102.13,12361.8
360,WIPRO.NS,3,sac,61618.29,80055.5
361,WIPRO.NS,6,sac,165269.5,241992.8
362,WIPRO.NS,12,sac,1347655.9500000002,651525.0
363,WIPRO.NS,18,sac,1839308.1800000002,1621774.25
364,WIPRO.NS,24,sac,2343287.7100000004,1317954.2
365,AXISBANK.NS,1,td3,53044.64,47913.149999999994
366,AXISBANK.NS,3,td3,138161.56,135738.30000000002
367,AXISBANK.NS,6,td3,382024.57999999996,428649.1
368,AXISBANK.NS,12,td3,474778.48000000004,534467.7000000001
369,AXISBANK.NS,18,td3,423267.27999999997,476517.6
370,AXISBANK.NS,24,td3,498178.48000000004,560792.7000000001
371,BAJAJ-AUTO.NS,1,td3,414357.72,342564.3
372,BAJAJ-AUTO.NS,3,td3,984221.47,947482.5
373,BAJAJ-AUTO.NS,6,td3,2166491.03,2216140.3
374,BAJAJ-AUTO.NS,12,td3,2679482.6499999994,2744282.0999999996
375,BAJAJ-AUTO.NS,18,td3,2026392.7,2075861.4
376,BAJAJ-AUTO.NS,24,td3,2371772.1999999997,2429348.4
377,BAJAJFINSV.NS,1,td3,787452.1699999999,701266.7
378,BAJAJFINSV.NS,3,td3,1878648.32,1804146.9
379,BAJAJFINSV.NS,6,td3,3676470.36,3651990.3
380,BAJAJFINSV.NS,12,td3,5104514.3100000005,5069559.600000001
381,BAJAJFINSV.NS,18,td3,6610984.01,6564979.399999999
382,BAJAJFINSV.NS,24,td3,6470840.16,6425863.5
383,CIPLA.NS,1,td3,104349.42,82817.25
384,CIPLA.NS,3,td3,259742.30000000002,266060.15
385,CIPLA.NS,6,td3,494353.86999999994,550389.45
386,CIPLA.NS,12,td3,572884.89,638385.7000000001
387,CIPLA.NS,18,td3,544522.24,606803.25
388,CIPLA.NS,24,td3,615264.1399999999,685575.95
389,DRREDDY.NS,1,td3,659627.2100000001,515399.7
390,DRREDDY.NS,3,td3,1681580.68,1677786.0
391,DRREDDY.NS,6,td3,1720506.28,1716594.0
392,DRREDDY.NS,12,td3,1756088.78,1752069.0
393,DRREDDY.NS,18,td3,1552689.28,1549284.0
394,DRREDDY.NS,24,td3,1417028.93,1414033.5
395,HEROMOTOCO.NS,1,td3,320879.91,313150.5
396,HEROMOTOCO.NS,3,td3,967518.72,1047733.4999999999
397,HEROMOTOCO.NS,6,td3,982464.59,1069662.2
398,HEROMOTOCO.NS,12,td3,936719.9899999999,1019902.3999999999
399,HEROMOTOCO.NS,18,td3,762386.4899999999,830266.8999999999
400,HEROMOTOCO.NS,24,td3,728157.7899999999,793033.8
401,HINDALCO.NS,3,td3,1748.35,1940.4
402,HINDALCO.NS,6,td3,44329.06,62374.0
403,HINDALCO.NS,12,td3,70240.39,99237.59999999999
404,HINDALCO.NS,18,td3,86210.19,121783.2
405,HINDALCO.NS,24,td3,101927.54,143972.4
406,HINDUNILVR.NS,1,td3,366598.19,249718.7
407,HINDUNILVR.NS,3,td3,713008.64,603860.4
408,HINDUNILVR.NS,6,td3,837859.34,709503.3
409,HINDUNILVR.NS,12,td3,858831.59,727249.05
410,HINDUNILVR.NS,18,td3,806883.59,683293.05
411,HINDUNILVR.NS,24,td3,763710.59,646762.05
412,INFY.NS,1,td3,115824.9,125580.0
413,INFY.NS,3,td3,307472.75,375348.0
414,INFY.NS,6,td3,386693.27999999997,475034.89999999997
415,INFY.NS,12,td3,490870.08,602918.6
416,INFY.NS,18,td3,579290.88,711460.7999999999
417,INFY.NS,24,td3,505596.48000000004,620996.2000000001
418,KOTAKBANK.NS,1,td3,196519.61,148866.75
419,KOTAKBANK.NS,3,td3,415211.23,370132.25
420,KOTAKBANK.NS,6,td3,653950.08,582747.7000000001
421,KOTAKBANK.NS,12,td3,570416.98,508355.0
422,KOTAKBANK.NS,18,td3,583774.38,520250.8
423,KOTAKBANK.NS,24,td3,575483.58,512867.2
424,MARUTI.NS,1,td3,832282.9,713953.5
425,MARUTI.NS,3,td3,2220959.88,2245335.75
426,MARUTI.NS,6,td3,2942495.42,2491839.0
427,MARUTI.NS,12,td3,2942495.42,2491839.0
428,MARUTI.NS,18,td3,2942495.42,2491839.0
429,MARUTI.NS,24,td3,2942495.42,2491839.0
430,NTPC.NS,6,td3,4914.33,4721.150000000001
431,NTPC.NS,12,td3,5794.68,5570.4
432,NTPC.NS,18,td3,6219.68,5978.4
433,NTPC.NS,24,td3,8152.179999999999,7833.599999999999
434,ONGC.NS,1,td3,13145.609999999999,8534.699999999999
435,ONGC.NS,3,td3,25768.49,21021.600000000002
436,ONGC.NS,6,td3,62611.15,55060.6
437,ONGC.NS,12,td3,81317.98,71693.7
438,ONGC.NS,18,td3,94508.78,83316.5
439,ONGC.NS,24,td3,118265.68000000001,104249.40000000001
440,RELIANCE.NS,1,td3,322253.43,254253.3
441,RELIANCE.NS,3,td3,764948.4700000001,792502.65
442,RELIANCE.NS,6,td3,682511.72,707164.9
443,RELIANCE.NS,12,td3,717003.87,742870.85
444,RELIANCE.NS,18,td3,805936.67,834933.25
445,RELIANCE.NS,24,td3,866839.27,897979.0499999999
446,SBIN.NS,1,td3,30228.18,21633.85
447,SBIN.NS,3,td3,63414.270000000004,57920.65
448,SBIN.NS,6,td3,94335.71999999999,86137.59999999999
449,SBIN.NS,12,td3,147020.52,134214.4
450,SBIN.NS,18,td3,158339.52,144543.4
451,SBIN.NS,24,td3,174700.62,159473.5
452,SUNPHARMA.NS,1,td3,81296.39,60613.8
453,SUNPHARMA.NS,3,td3,170928.49,162474.15
454,SUNPHARMA.NS,6,td3,198238.89,188410.95
455,SUNPHARMA.NS,12,td3,227070.29,215792.25
456,SUNPHARMA.NS,18,td3,267697.89,254376.45
457,SUNPHARMA.NS,24,td3,313344.79,297727.5
458,TCS.NS,1,td3,305463.62000000005,264642.4
459,TCS.NS,3,td3,783182.95,788822.8
460,TCS.NS,6,td3,922097.95,928619.8
461,TCS.NS,12,td3,1064288.95,1071713.6
462,TCS.NS,18,td3,1153087.45,1161075.9
463,TCS.NS,24,td3,1110672.7,1118391.85
464,TECHM.NS,1,td3,115131.12999999999,84524.59999999999
465,TECHM.NS,3,td3,267885.0,280374.75
466,TECHM.NS,6,td3,330338.55000000005,345691.5
467,TECHM.NS,12,td3,380036.15,397667.5
468,TECHM.NS,18,td3,587446.85,614587.0
469,TECHM.NS,24,td3,469048.60000000003,490760.75
470,ULTRACEMCO.NS,1,td3,575993.25,452903.0
471,ULTRACEMCO.NS,3,td3,1298722.94,1198319.5
472,ULTRACEMCO.NS,6,td3,1644338.94,1516934.25
473,ULTRACEMCO.NS,12,td3,2214210.94,2042285.0
474,ULTRACEMCO.NS,18,td3,2347842.94,2165477.0
475,ULTRACEMCO.NS,24,td3,2123522.94,1958682.0
476,UPL.NS,1,td3,79801.61,52596.5
477,UPL.NS,3,td3,173429.36000000002,156312.7
478,UPL.NS,6,td3,165796.44,150075.4
479,UPL.NS,12,td3,294536.93999999994,266504.64999999997
480,UPL.NS,18,td3,276090.54,249822.25
481,UPL.NS,24,td3,294536.93999999994,266504.64999999997
482,WIPRO.NS,1,td3,206230.27,35399.7
483,WIPRO.NS,3,td3,303067.95999999996,123042.5
484,WIPRO.NS,6,td3,439410.79000000004,331974.3
485,WIPRO.NS,12,td3,3823671.2900000005,479610.0
486,WIPRO.NS,18,td3,5036123.58,608425.7999999999
487,WIPRO.NS,24,td3,4693410.76,471813.60000000003
488,AXISBANK.NS,1,ppo,53044.64,47913.149999999994
489,AXISBANK.NS,3,ppo,84435.16,79820.95
490,AXISBANK.NS,6,ppo,122213.56,115500.55
491,AXISBANK.NS,12,ppo,150666.16,142372.45
492,AXISBANK.NS,18,ppo,134321.25999999998,126935.59999999999
493,AXISBANK.NS,24,ppo,158091.16,149384.95
494,BAJAJ-AUTO.NS,1,ppo,414357.72,342564.3
495,BAJAJ-AUTO.NS,3,ppo,616615.66,562115.0
496,BAJAJ-AUTO.NS,6,ppo,726779.26,662451.7999999999
497,BAJAJ-AUTO.NS,12,ppo,893228.11,814053.1
498,BAJAJ-AUTO.NS,18,ppo,675531.46,615775.4
499,BAJAJ-AUTO.NS,24,ppo,790657.96,720632.4
500,BAJAJFINSV.NS,1,ppo,787452.1699999999,701266.7
501,BAJAJFINSV.NS,3,ppo,1185923.5,1110696.3
502,BAJAJFINSV.NS,6,ppo,1815830.2,1700064.45
503,BAJAJFINSV.NS,12,ppo,2521123.3000000003,2359967.4
504,BAJAJFINSV.NS,18,ppo,3265149.9,3056111.1
505,BAJAJFINSV.NS,24,ppo,3195934.6,2991350.25
506,BAJFINANCE.NS,1,ppo,415811.33,390156.0
507,BAJFINANCE.NS,3,ppo,678100.2,688602.75
508,BAJFINANCE.NS,6,ppo,1071426.3,1087656.9000000001
509,BAJFINANCE.NS,12,ppo,1250996.5,1269842.2
510,BAJFINANCE.NS,18,ppo,1424438.2,1445809.75
511,BAJFINANCE.NS,24,ppo,1495240.4,1517643.05
512,BHARTIARTL.NS,1,ppo,73732.69,61588.350000000006
513,BHARTIARTL.NS,3,ppo,92677.19,81892.8
514,BHARTIARTL.NS,6,ppo,110995.19,98060.8
515,BHARTIARTL.NS,12,ppo,113870.69,100598.8
516,BHARTIARTL.NS,18,ppo,144468.14,127605.0
517,BHARTIARTL.NS,24,ppo,155277.89,137146.0
518,DRREDDY.NS,1,ppo,659627.2100000001,515399.7
519,DRREDDY.NS,3,ppo,1529185.5799999998,1504923.2
520,DRREDDY.NS,6,ppo,1736072.73,1763410.2
521,DRREDDY.NS,12,ppo,1771977.73,1799852.7
522,DRREDDY.NS,18,ppo,1566734.73,1591537.2
523,DRREDDY.NS,24,ppo,1429844.83,1452598.05
524,EICHERMOT.NS,1,ppo,336193.54,243536.65999999997
525,EICHERMOT.NS,3,ppo,533846.92,463883.5
526,EICHERMOT.NS,6,ppo,595289.47,517234.85
527,EICHERMOT.NS,12,ppo,660765.8200000001,574088.8
528,EICHERMOT.NS,18,ppo,602312.17,523332.75
529,EICHERMOT.NS,24,ppo,609784.42,529821.0
530,HDFC.NS,1,ppo,265306.93,197796.45
531,HDFC.NS,3,ppo,391952.47,323775.89999999997
532,HDFC.NS,6,ppo,566759.6199999999,468049.05
533,HDFC.NS,12,ppo,574259.3699999999,474238.8
534,HDFC.NS,18,ppo,588445.9199999999,485947.35000000003
535,HDFC.NS,24,ppo,517994.07,427801.5
536,HEROMOTOCO.NS,1,ppo,320879.91,313150.5
537,HEROMOTOCO.NS,3,ppo,-314670.56999999995,615940.2999999999
538,HEROMOTOCO.NS,6,ppo,214511.30999999994,642295.2000000001
539,HEROMOTOCO.NS,12,ppo,214511.30999999994,642295.2000000001
540,HEROMOTOCO.NS,18,ppo,214511.30999999994,642295.2000000001
541,HEROMOTOCO.NS,24,ppo,214511.30999999994,642295.2000000001
542,HINDUNILVR.NS,3,ppo,189006.36000000002,75228.40000000001
543,HINDUNILVR.NS,6,ppo,222086.46000000002,88389.3
544,HINDUNILVR.NS,12,ppo,227643.21000000002,90600.05
545,HINDUNILVR.NS,18,ppo,213879.21000000002,85124.05
546,HINDUNILVR.NS,24,ppo,202440.21000000002,80573.05
547,ICICIBANK.NS,1,ppo,48165.420000000006,37801.200000000004
548,ICICIBANK.NS,3,ppo,81335.23000000001,70695.90000000001
549,ICICIBANK.NS,6,ppo,120069.74,104540.1
550,ICICIBANK.NS,12,ppo,149845.64,130449.0
551,ICICIBANK.NS,18,ppo,168856.94,146991.3
552,ICICIBANK.NS,24,ppo,174978.44,152317.8
553,INDUSINDBK.NS,1,ppo,69077.62,60755.0
554,INDUSINDBK.NS,3,ppo,116265.07,109931.25
555,INDUSINDBK.NS,6,ppo,190625.98,181192.55000000002
556,INDUSINDBK.NS,12,ppo,222734.98,211696.1
557,INDUSINDBK.NS,18,ppo,191538.98,182059.9
558,INDUSINDBK.NS,24,ppo,214935.98,204287.05000000002
559,INFY.NS,1,ppo,115824.9,125580.0
560,INFY.NS,3,ppo,196588.3,230052.0
561,INFY.NS,6,ppo,241691.8,282788.39999999997
562,INFY.NS,12,ppo,306802.3,358917.60000000003
563,INFY.NS,18,ppo,362065.3,423532.8
564,INFY.NS,24,ppo,316006.3,369679.2
565,IOC.NS,1,ppo,13257.74,10083.300000000001
566,IOC.NS,3,ppo,17348.309999999998,14745.449999999999
567,IOC.NS,6,ppo,21349.13,18156.600000000002
568,IOC.NS,12,ppo,25939.23,22057.2
569,IOC.NS,18,ppo,26113.98,22205.7
570,IOC.NS,24,ppo,29830.329999999998,25363.8
571,JSWSTEEL.NS,3,ppo,277.03000000000003,284.1
572,JSWSTEEL.NS,6,ppo,379.53000000000003,386.6
573,JSWSTEEL.NS,12,ppo,682.43,689.5
574,JSWSTEEL.NS,18,ppo,643.18,650.25
575,JSWSTEEL.NS,24,ppo,760.78,767.85
576,KOTAKBANK.NS,1,ppo,196519.59,148866.75
577,KOTAKBANK.NS,3,ppo,318044.79,274125.25
578,KOTAKBANK.NS,6,ppo,516809.21,445513.60000000003
579,KOTAKBANK.NS,12,ppo,450795.21,388640.0
580,KOTAKBANK.NS,18,ppo,461351.21,397734.39999999997
581,KOTAKBANK.NS,24,ppo,454799.21,392089.60000000003
582,LT.NS,1,ppo,150617.55,100479.5
583,LT.NS,3,ppo,225467.97000000003,179090.0
584,LT.NS,6,ppo,328608.88,261748.2
585,LT.NS,12,ppo,388393.63,309341.55
586,LT.NS,18,ppo,478816.63,381325.35000000003
587,LT.NS,24,ppo,443091.13,352885.05
588,LUPIN.NS,1,ppo,124988.41,98214.29999999999
589,LUPIN.NS,3,ppo,214429.83,190646.65
590,LUPIN.NS,6,ppo,211333.83,187896.25
591,LUPIN.NS,12,ppo,247582.82999999996,220098.84999999998
592,LUPIN.NS,18,ppo,196004.33,174277.95
593,LUPIN.NS,24,ppo,165409.83,147098.65
594,NTPC.NS,1,ppo,12692.13,9135.0
595,NTPC.NS,3,ppo,21863.420000000002,18222.100000000002
596,NTPC.NS,6,ppo,28204.34,23706.2
597,NTPC.NS,12,ppo,32587.94,27387.8
598,NTPC.NS,18,ppo,34976.439999999995,29393.8
599,NTPC.NS,24,ppo,45837.09,38515.2
600,SHREECEM.NS,1,ppo,2885149.8800000004,2323093.0500000003
601,SHREECEM.NS,3,ppo,4121539.1100000003,3550402.35
602,SHREECEM.NS,6,ppo,4928766.31,4245083.45
603,SHREECEM.NS,12,ppo,5971584.71,5142508.899999999
604,SHREECEM.NS,18,ppo,5473143.91,4713562.25
605,SHREECEM.NS,24,ppo,5286484.71,4552927.649999999
606,SUNPHARMA.NS,1,ppo,81296.39,60613.8
607,SUNPHARMA.NS,3,ppo,1071.6100000000006,91613.15
608,SUNPHARMA.NS,6,ppo,-108472.74999999994,87540.65
609,SUNPHARMA.NS,12,ppo,-108472.74999999994,87540.65
610,SUNPHARMA.NS,18,ppo,-108472.74999999994,87540.65
611,SUNPHARMA.NS,24,ppo,-108472.74999999994,87540.65
612,TATAMOTORS.NS,1,ppo,17674.260000000002,12034.75
613,TATAMOTORS.NS,3,ppo,32771.979999999996,27788.699999999997
614,TATAMOTORS.NS,6,ppo,46379.83,39319.85
615,TATAMOTORS.NS,12,ppo,84551.52999999998,71666.15
616,TATAMOTORS.NS,18,ppo,117593.83,99665.85
617,TATAMOTORS.NS,24,ppo,107994.87999999999,91531.8
618,TATASTEEL.NS,1,ppo,55273.16,43223.4
619,TATASTEEL.NS,3,ppo,85040.79,80670.90000000001
620,TATASTEEL.NS,6,ppo,145438.79,137917.69999999998
621,TATASTEEL.NS,12,ppo,267936.79,254024.5
622,TATASTEEL.NS,18,ppo,259288.79000000004,245827.7
623,TATASTEEL.NS,24,ppo,307922.29,291923.8
624,TECHM.NS,1,ppo,115131.12999999999,84524.59999999999
625,TECHM.NS,3,ppo,187309.09,168224.85
626,TECHM.NS,6,ppo,230972.88999999998,207414.9
627,TECHM.NS,12,ppo,265718.49,238600.5
628,TECHM.NS,18,ppo,410727.69,368752.2
629,TECHM.NS,24,ppo,327950.69,294456.45
630,TITAN.NS,1,ppo,158462.99,122060.25
631,TITAN.NS,3,ppo,264783.16,238129.19999999998
632,TITAN.NS,6,ppo,350191.91,314884.2
633,TITAN.NS,12,ppo,397930.00999999995,357785.39999999997
634,TITAN.NS,18,ppo,528693.3600000001,475299.60000000003
635,TITAN.NS,24,ppo,565819.21,508663.8
636,ULTRACEMCO.NS,1,ppo,575993.25,452903.0
637,ULTRACEMCO.NS,3,ppo,899643.98,787306.4
638,ULTRACEMCO.NS,6,ppo,899643.98,787306.4
639,ULTRACEMCO.NS,12,ppo,899643.98,787306.4
640,ULTRACEMCO.NS,18,ppo,899643.98,787306.4
641,ULTRACEMCO.NS,24,ppo,899643.98,787306.4
642,WIPRO.NS,1,ppo,160882.77000000002,35399.7
643,WIPRO.NS,3,ppo,479393.43000000005,123042.5
644,WIPRO.NS,6,ppo,3135848.0300000003,193747.4
645,WIPRO.NS,12,ppo,6299422.84,277035.0
646,WIPRO.NS,18,ppo,6854032.009999999,351442.3
647,WIPRO.NS,24,ppo,6250859.8100000005,272531.60000000003
648,ASIANPAINT.NS,1,ddpg,212533.18,190420.5
649,ASIANPAINT.NS,3,ddpg,468025.38,466468.10000000003
650,ASIANPAINT.NS,6,ddpg,641049.4299999999,638768.2000000001
651,ASIANPAINT.NS,12,ddpg,717529.4299999999,714928.2000000001
652,ASIANPAINT.NS,18,ddpg,780625.4299999999,777760.2000000001
653,ASIANPAINT.NS,24,ddpg,721747.78,719128.9
654,AXISBANK.NS,1,ddpg,53044.64,47913.149999999994
655,AXISBANK.NS,3,ddpg,101916.48000000001,99029.20000000001
656,AXISBANK.NS,6,ddpg,147517.68,143294.8
657,AXISBANK.NS,12,ddpg,181861.97999999998,176633.2
658,AXISBANK.NS,18,ddpg,162132.52999999997,157481.59999999998
659,AXISBANK.NS,24,ddpg,190824.47999999998,185333.2
660,BAJAJ-AUTO.NS,1,ddpg,414357.72,342564.3
661,BAJAJ-AUTO.NS,3,ddpg,732395.69,683810.0
662,BAJAJ-AUTO.NS,6,ddpg,863247.2899999999,805869.2
663,BAJAJ-AUTO.NS,12,ddpg,1060954.14,990291.3999999999
664,BAJAJ-AUTO.NS,18,ddpg,802375.4899999999,749087.6
665,BAJAJ-AUTO.NS,24,ddpg,939121.9899999999,876645.6
666,BAJAJFINSV.NS,1,ddpg,787452.1699999999,701266.7
667,BAJAJFINSV.NS,3,ddpg,1420734.21,1357517.7
668,BAJAJFINSV.NS,6,ddpg,2175374.9099999997,2077856.5499999998
669,BAJAJFINSV.NS,12,ddpg,3020330.0100000002,2884404.6
670,BAJAJFINSV.NS,18,ddpg,3911688.61,3735246.9
671,BAJAJFINSV.NS,24,ddpg,3828767.31,3656094.75
672,BAJFINANCE.NS,1,ddpg,415811.34,390156.0
673,BAJFINANCE.NS,3,ddpg,799872.03,836866.5
674,BAJFINANCE.NS,6,ddpg,1263844.08,1321841.4000000001
675,BAJFINANCE.NS,12,ddpg,1475667.1800000002,1543253.2
676,BAJFINANCE.NS,18,ddpg,1680261.03,1757108.5
677,BAJFINANCE.NS,24,ddpg,1763780.13,1844408.3
678,BHARTIARTL.NS,1,ddpg,73732.69,61588.350000000006
679,BHARTIARTL.NS,3,ddpg,107904.75,96267.6
680,BHARTIARTL.NS,6,ddpg,129232.75,115273.6
681,BHARTIARTL.NS,12,ddpg,132580.75000000003,118257.1
682,BHARTIARTL.NS,18,ddpg,168205.95,150003.75
683,BHARTIARTL.NS,24,ddpg,180791.95,161219.5
684,EICHERMOT.NS,1,ddpg,336193.54,243536.65999999997
685,EICHERMOT.NS,3,ddpg,610717.87,554022.0
686,EICHERMOT.NS,6,ddpg,681010.1699999999,617740.2
687,EICHERMOT.NS,12,ddpg,755917.27,685641.6000000001
688,EICHERMOT.NS,18,ddpg,689044.37,625023.0
689,EICHERMOT.NS,24,ddpg,697592.87,632772.0
690,GRASIM.NS,1,ddpg,98689.22999999998,68369.4
691,GRASIM.NS,3,ddpg,195371.15000000002,166654.95
692,GRASIM.NS,6,ddpg,245560.35,209436.15
693,GRASIM.NS,12,ddpg,408214.55,348082.35
694,GRASIM.NS,18,ddpg,449609.8,383367.6
695,GRASIM.NS,24,ddpg,471750.5,402240.3
696,HDFCBANK.NS,1,ddpg,125881.42,113608.0
697,HDFCBANK.NS,3,ddpg,251580.72999999998,238011.19999999998
698,HDFCBANK.NS,6,ddpg,334601.82999999996,316478.39999999997
699,HDFCBANK.NS,12,ddpg,358835.07999999996,339382.39999999997
700,HDFCBANK.NS,18,ddpg,342008.07999999996,323478.39999999997
701,HDFCBANK.NS,24,ddpg,330478.03,312580.8
702,HINDALCO.NS,1,ddpg,27056.98,19408.899999999998
703,HINDALCO.NS,3,ddpg,49529.380000000005,46569.6
704,HINDALCO.NS,6,ddpg,67372.88,63333.6
705,HINDALCO.NS,12,ddpg,105588.87999999999,99237.59999999999
706,HINDALCO.NS,18,ddpg,129586.28,121783.2
707,HINDALCO.NS,24,ddpg,153204.33000000002,143972.4
708,ICICIBANK.NS,1,ddpg,48165.43000000001,37801.200000000004
709,ICICIBANK.NS,3,ddpg,90608.08,81050.35
710,ICICIBANK.NS,6,ddpg,132022.78,118062.70000000001
711,ICICIBANK.NS,12,ddpg,164763.38,147323.0
712,ICICIBANK.NS,18,ddpg,185667.58,166005.09999999998
713,ICICIBANK.NS,24,ddpg,192398.58,172020.59999999998
714,INDUSINDBK.NS,1,ddpg,69077.62,60755.0
715,INDUSINDBK.NS,3,ddpg,132334.08,130308.75
716,INDUSINDBK.NS,6,ddpg,214016.98,210668.85
717,INDUSINDBK.NS,12,ddpg,250066.62999999998,246134.69999999998
718,INDUSINDBK.NS,18,ddpg,215042.03,211677.30000000002
719,INDUSINDBK.NS,24,ddpg,241310.48,237520.35
720,IOC.NS,1,ddpg,13257.74,10083.300000000001
721,IOC.NS,3,ddpg,19890.239999999998,17365.199999999997
722,IOC.NS,6,ddpg,24372.34,21274.4
723,IOC.NS,12,ddpg,29612.54,25844.800000000003
724,IOC.NS,18,ddpg,29812.04,26018.800000000003
725,IOC.NS,24,ddpg,34054.74,29719.199999999997
726,JSWSTEEL.NS,3,ddpg,59407.090000000004,1988.7000000000003
727,JSWSTEEL.NS,6,ddpg,59919.590000000004,2706.2000000000003
728,JSWSTEEL.NS,12,ddpg,61434.090000000004,4826.5
729,JSWSTEEL.NS,18,ddpg,61237.840000000004,4551.75
730,JSWSTEEL.NS,24,ddpg,61825.840000000004,5374.95
731,KOTAKBANK.NS,1,ddpg,196519.6,148866.75
732,KOTAKBANK.NS,3,ddpg,326876.09,284231.25
733,KOTAKBANK.NS,6,ddpg,514819.44000000006,447502.5
734,KOTAKBANK.NS,12,ddpg,449059.34,390375.0
735,KOTAKBANK.NS,18,ddpg,459574.74,399510.0
736,KOTAKBANK.NS,24,ddpg,453047.94000000006,393840.0
737,LUPIN.NS,1,ddpg,124988.41,98214.29999999999
738,LUPIN.NS,3,ddpg,249331.33,227578.19999999998
739,LUPIN.NS,6,ddpg,245731.33,224295.0
740,LUPIN.NS,12,ddpg,287881.33,262735.8
741,LUPIN.NS,18,ddpg,227906.33,208038.6
742,LUPIN.NS,24,ddpg,192331.33,175594.19999999998
743,M&M.NS,1,ddpg,80594.69,76412.70000000001
744,M&M.NS,3,ddpg,152551.98,165564.0
745,M&M.NS,6,ddpg,176891.73,191956.5
746,M&M.NS,12,ddpg,197633.43,214447.5
747,M&M.NS,18,ddpg,205750.83,223249.5
748,M&M.NS,24,ddpg,217516.08,236007.0
749,NESTLEIND.NS,1,ddpg,2278196.3200000003,1833964.2000000002
750,NESTLEIND.NS,3,ddpg,3870297.8000000003,3405345.3000000003
751,NESTLEIND.NS,6,ddpg,4608469.8,4054222.3
752,NESTLEIND.NS,12,ddpg,4337988.600000001,3816460.6
753,NESTLEIND.NS,18,ddpg,4760047.399999999,4187463.9
754,NESTLEIND.NS,24,ddpg,4599579.0,4046407.0
755,ONGC.NS,1,ddpg,13145.609999999999,8534.699999999999
756,ONGC.NS,3,ddpg,19551.530000000002,15420.45
757,ONGC.NS,6,ddpg,26527.48,20917.399999999998
758,ONGC.NS,12,ddpg,34196.780000000006,26960.7
759,ONGC.NS,18,ddpg,39743.58,31331.5
760,ONGC.NS,24,ddpg,49733.48,39203.4
761,RELIANCE.NS,1,ddpg,322253.43,254253.3
762,RELIANCE.NS,3,ddpg,607951.66,590448.15
763,RELIANCE.NS,6,ddpg,542437.4099999999,526867.9
764,RELIANCE.NS,12,ddpg,569849.0599999999,553470.35
765,RELIANCE.NS,18,ddpg,640525.86,622060.75
766,RELIANCE.NS,24,ddpg,688926.46,669032.5499999999
767,SBIN.NS,1,ddpg,30228.18,21633.85
768,SBIN.NS,3,ddpg,50474.560000000005,44041.9
769,SBIN.NS,6,ddpg,75085.51,65497.6
770,SBIN.NS,12,ddpg,117018.31000000001,102054.40000000001
771,SBIN.NS,18,ddpg,126027.31000000001,109908.40000000001
772,SBIN.NS,24,ddpg,139049.41,121261.0
773,TATACONSUM.NS,1,ddpg,54316.67,50509.9
774,TATACONSUM.NS,3,ddpg,121680.5,138393.75
775,TATACONSUM.NS,6,ddpg,145686.90000000002,165673.75
776,TATACONSUM.NS,12,ddpg,183233.2,208340.0
777,TATACONSUM.NS,18,ddpg,175767.5,199856.25
778,TATACONSUM.NS,24,ddpg,198890.59999999998,226132.5
779,TCS.NS,1,ddpg,305463.62000000005,264642.4
780,TCS.NS,3,ddpg,619107.7999999999,599704.4
781,TCS.NS,6,ddpg,728916.7999999999,705985.4
782,TCS.NS,12,ddpg,841315.4,814772.8
783,TCS.NS,18,ddpg,911508.4999999999,882710.7
784,TCS.NS,24,ddpg,877980.65,850260.05
785,TITAN.NS,1,ddpg,158462.99,122060.25
786,TITAN.NS,3,ddpg,311430.11,294159.6
787,TITAN.NS,6,ddpg,411888.86,388974.6
788,TITAN.NS,12,ddpg,468038.95999999996,441970.19999999995
789,TITAN.NS,18,ddpg,621844.31,587134.8
790,TITAN.NS,24,ddpg,665512.1599999999,628349.3999999999
791,ULTRACEMCO.NS,1,ddpg,575993.25,452903.0
792,ULTRACEMCO.NS,3,ddpg,1034940.93,930220.9
793,ULTRACEMCO.NS,6,ddpg,1310353.68,1177552.3499999999
794,ULTRACEMCO.NS,12,ddpg,1764470.43,1585367.0
795,ULTRACEMCO.NS,18,ddpg,1870958.43,1680997.4000000001
796,ULTRACEMCO.NS,24,ddpg,1692203.43,1520468.4000000001
797,WIPRO.NS,1,ddpg,34594.34999999999,35399.7
798,WIPRO.NS,3,ddpg,-99506.12999999986,86285.5
799,WIPRO.NS,6,ddpg,3296807.5100000002,106063.29999999999
800,WIPRO.NS,12,ddpg,5585220.75,151657.5
801,WIPRO.NS,18,ddpg,7329892.850000001,192390.34999999998
802,WIPRO.NS,24,ddpg,7189256.8500000015,149192.2
