date,ASIANPAINT.NS,AXISBANK.NS,BAJAJ-AUTO.NS,BAJAJFINSV.NS,BAJFINANCE.NS,BHARTIARTL.NS,CIPLA.NS,DRREDDY.NS,EICHERMOT.NS,GRASIM.NS,HCLTECH.NS,HDFC.NS,HDFCBANK.NS,HEROMOTOCO.NS,HINDALCO.NS,HINDUNILVR.NS,ICICIBANK.NS,INDUSINDBK.NS,INFY.NS,IOC.NS,ITC.NS,JSWSTEEL.NS,KOTAKBANK.NS,LT.NS,LUPIN.NS,M&M.NS,MARUTI.NS,NESTLEIND.NS,NTPC.NS,ONGC.NS,POWERGRID.NS,RELIANCE.NS,SBIN.NS,SHREECEM.NS,SUNPHARMA.NS,TATACONSUM.NS,TATAMOTORS.NS,TATASTEEL.NS,TCS.NS,TECHM.NS,TITAN.NS,ULTRACEMCO.NS,UPL.NS,WIPRO.NS,return_val
2020-07-01,-5,5,5,5,-5,-5,5,5,-5,-5,-5,-5,-5,5,-5,5,-5,-5,5,-5,-5,-5,5,-5,-5,-5,5,-5,-5,5,-5,5,5,-5,5,-5,-5,-5,5,5,-5,5,5,5,19301.51847831905
2020-07-02,-5,5,5,5,-5,-5,5,5,-5,-5,-5,-5,-5,5,-5,5,-5,-5,5,-5,-5,-5,5,-5,-5,-5,5,-5,-5,5,-5,5,5,-5,5,-5,-5,-5,5,5,-5,5,5,5,35967.81127208844
2020-07-06,-4,5,5,5,-5,-5,5,5,-5,-5,-5,-5,-2,5,-5,5,-5,-5,5,-5,-5,-5,5,-5,-5,-5,5,-5,-5,5,-5,5,5,-5,5,-5,-5,-5,5,5,-5,5,5,5,5023.195249421522
2020-07-07,0,5,5,5,-3,-5,5,5,-5,-5,-5,-5,0,5,-5,5,-5,-5,5,-5,-1,-5,5,-5,-5,-5,5,-5,-5,5,-5,5,5,-5,5,-2,-5,-5,5,5,-5,5,5,5,-24767.949861256406
2020-07-08,0,5,5,5,0,-3,5,5,-5,-5,-5,-5,0,5,-5,5,-5,-2,5,-5,0,-5,5,-5,-5,-3,5,-5,-5,5,-5,5,5,-3,5,0,-5,-5,5,5,-5,5,5,5,12519.454455845058
2020-07-09,0,5,5,5,0,0,5,5,-5,-5,-5,-5,0,5,-5,5,-4,0,5,-5,0,-5,5,-5,0,0,5,-3,-5,5,-5,5,5,0,5,0,-5,-5,5,5,-5,5,5,5,-3432.284139301628
2020-07-10,0,5,5,5,0,0,5,5,-5,-5,-4,-5,0,5,-5,5,0,0,5,-5,0,-5,5,-5,0,0,5,0,-5,5,-5,5,5,0,5,0,-5,-5,5,5,-5,5,5,5,12072.38907979615
2020-07-13,0,5,5,5,0,0,5,5,-5,-5,0,-4,0,5,-5,5,0,0,5,-5,0,-1,5,-5,0,0,5,0,-1,5,-5,5,5,0,5,0,-5,-5,5,5,-5,5,5,5,-41105.91057107039
2020-07-14,0,5,5,5,0,0,5,5,-5,-5,0,0,0,5,-5,5,0,0,5,0,0,0,5,-5,0,0,5,0,0,5,-5,5,5,0,5,0,-5,-1,5,5,-2,5,5,5,18658.76920240745
2020-07-15,0,5,5,5,0,0,5,5,-5,-1,0,0,0,5,-5,5,0,0,5,0,0,0,5,-5,0,0,5,0,0,5,-4,5,5,0,5,0,-5,0,5,5,0,5,5,5,36235.19535205141
2020-07-16,0,5,5,5,0,0,5,5,-3,0,0,0,0,5,-5,5,0,0,5,0,0,0,5,-5,0,0,5,0,0,5,0,5,5,0,5,0,-5,0,5,5,0,5,5,5,30669.401885397732
2020-07-17,0,5,5,5,0,0,5,5,0,0,0,0,0,5,-1,5,0,0,5,0,0,0,5,0,0,0,5,0,0,5,0,5,5,0,5,0,-4,0,5,5,0,5,5,5,25241.98015935719
2020-07-20,0,5,5,5,0,0,5,5,0,0,0,0,0,5,0,5,0,0,5,0,0,0,5,0,0,0,5,0,0,5,0,5,5,0,5,0,0,0,5,5,0,5,5,5,8305.090064775199
2020-07-21,0,5,5,5,0,0,5,5,0,0,0,0,0,5,0,5,0,0,5,0,0,0,5,0,0,0,5,0,0,5,0,5,5,0,5,0,0,0,5,5,0,5,5,5,-32244.108741225675
2020-07-22,0,5,5,5,0,0,5,5,0,0,0,0,0,5,0,5,0,0,5,0,0,0,5,0,0,0,5,0,0,5,0,5,5,0,5,0,0,0,5,5,0,5,5,5,24218.8498076275
2020-07-23,0,5,5,5,0,0,5,5,0,0,0,0,0,5,0,5,0,0,5,0,0,0,5,0,0,0,5,0,0,5,0,5,5,0,5,0,0,0,5,5,0,5,5,5,-30866.442482801154
2020-07-24,0,5,5,5,0,0,5,5,0,0,0,0,0,5,0,5,0,0,5,0,0,0,5,0,0,0,5,0,0,5,0,5,5,0,5,0,0,0,5,5,0,5,5,5,4626.3491597771645
2020-07-27,0,5,5,5,0,0,5,5,0,0,0,0,0,5,0,5,0,0,5,0,0,0,5,0,0,0,5,0,0,5,0,5,5,0,5,0,0,0,5,5,0,5,5,5,137892.83745811507
2020-07-28,0,5,5,5,0,0,5,5,0,0,0,0,0,5,0,5,0,0,5,0,0,0,5,0,0,0,5,0,0,5,0,5,5,0,5,0,0,0,5,5,0,5,5,5,4231.156126441434
2020-07-29,0,5,5,5,0,0,5,5,0,0,0,0,0,5,0,5,0,0,5,0,0,0,5,0,0,0,5,0,0,5,0,5,5,0,5,0,0,0,5,5,0,5,5,5,1280.2823088821024
2020-07-30,0,5,5,5,0,0,5,5,0,0,0,0,0,5,0,5,0,0,5,0,0,0,5,0,0,0,5,0,0,5,0,5,5,0,5,0,0,0,5,5,0,5,5,5,-4045.8788862600923
2020-07-31,0,5,5,5,0,0,5,5,0,0,0,0,0,5,0,5,0,0,5,0,0,0,5,0,0,0,5,0,0,5,0,5,5,0,5,0,0,0,5,5,0,5,5,5,-86727.93669708446
2020-08-03,0,5,5,5,0,0,5,5,0,0,0,0,0,5,0,5,0,0,5,0,0,0,5,0,0,0,5,0,0,5,0,5,5,0,5,0,0,0,5,5,0,5,5,5,85252.08674846776
2020-08-04,0,5,5,5,0,0,5,5,0,0,0,0,0,5,0,5,0,0,5,0,0,0,5,0,0,0,5,0,0,5,0,5,5,0,5,0,0,0,5,5,0,5,5,5,36710.974912300706
2020-08-05,0,5,5,5,0,0,5,5,0,0,0,0,0,5,0,5,0,0,5,0,0,0,5,0,0,0,5,0,0,5,0,5,5,0,5,0,0,0,5,5,0,5,5,5,29282.31484558247
2020-08-06,0,5,5,5,0,0,5,5,0,0,0,0,0,5,0,5,0,0,5,0,0,0,5,0,0,0,5,0,0,5,0,5,5,0,5,0,0,0,5,5,0,5,5,5,37947.91514556855
2020-08-07,0,5,5,5,0,0,5,5,0,0,0,0,0,5,0,5,0,0,5,0,0,0,5,0,0,0,5,0,0,5,0,5,5,0,5,0,0,0,5,5,0,5,5,5,8089.180326655507
2020-08-10,0,5,5,5,0,0,5,5,0,0,0,0,0,5,0,5,0,0,5,0,0,0,5,0,0,0,5,0,0,5,0,5,5,0,5,0,0,0,5,5,0,5,5,5,-1664.0684684738517
2020-08-11,0,5,5,5,0,0,5,5,0,0,0,0,0,5,0,5,0,0,5,0,0,0,5,0,0,0,5,0,0,5,0,5,5,0,5,0,0,0,5,5,0,5,5,5,-7428.229316709563
2020-08-12,0,5,5,5,0,0,5,5,0,0,0,0,0,5,0,5,0,0,5,0,0,0,5,0,0,0,5,0,0,5,0,5,5,0,5,0,0,0,5,5,0,5,5,5,6402.704575004056
2020-08-13,0,5,5,5,0,0,5,5,0,0,0,0,0,5,0,5,0,0,5,0,0,0,5,0,0,0,5,0,0,5,0,5,5,0,5,0,0,0,5,5,0,5,5,5,-68027.67275600322
2020-08-14,0,5,5,5,0,0,5,5,0,0,0,0,0,5,0,5,0,0,5,0,0,0,5,0,0,0,5,0,0,5,0,5,5,0,5,0,0,0,5,5,0,5,5,5,100825.90402301587
2020-08-17,0,5,5,5,0,0,5,5,0,0,0,0,0,5,0,5,0,0,5,0,0,0,5,0,0,0,5,0,0,5,0,5,5,0,5,0,0,0,5,5,0,5,5,5,83603.3938816078
2020-08-18,0,5,5,5,0,0,5,5,0,0,0,0,0,5,0,5,0,0,5,0,0,0,5,0,0,0,5,0,0,5,0,5,5,0,5,0,0,0,5,5,0,5,5,5,-5103.9094493463635
2020-08-19,0,5,5,5,0,0,5,5,0,0,0,0,0,5,0,5,0,0,5,0,0,0,5,0,0,0,5,0,0,5,0,5,5,0,5,0,0,0,5,5,0,5,5,5,-38547.302478637546
2020-08-20,0,5,5,5,0,0,5,5,0,0,0,0,0,5,0,5,0,0,5,0,0,0,5,0,0,0,5,0,0,5,0,5,5,0,5,0,0,0,5,5,0,5,5,5,31956.82200160995
2020-08-21,0,5,5,5,0,0,5,5,0,0,0,0,0,5,0,5,0,0,5,0,0,0,5,0,0,0,5,0,0,5,0,5,5,0,5,0,0,0,5,5,0,5,5,5,46411.33123939484
2020-08-24,0,5,5,5,0,0,5,5,0,0,0,0,0,5,0,5,0,0,5,0,0,0,5,0,0,0,5,0,0,5,0,5,5,0,5,0,0,0,5,5,0,5,5,5,-7991.983711319044
2020-08-25,0,5,5,5,0,0,5,5,0,0,0,0,0,5,0,5,0,0,5,0,0,0,5,0,0,0,5,0,0,5,0,5,5,0,5,0,0,0,5,5,0,5,5,5,57073.681398849934
2020-08-26,0,5,5,5,0,0,5,5,0,0,0,0,0,5,0,5,0,0,5,0,0,0,5,0,0,0,5,0,0,5,0,5,5,0,5,0,0,0,5,5,0,5,5,5,-14382.198270149529
2020-08-27,0,5,5,5,0,0,5,5,0,0,0,0,0,5,0,5,0,0,5,0,0,0,5,0,0,0,5,0,0,5,0,5,5,0,5,0,0,0,5,5,0,5,5,5,-4131.7673695757985
2020-08-28,0,5,5,5,0,0,5,5,0,0,0,0,0,5,0,5,0,0,5,0,0,0,5,0,0,0,5,0,0,5,0,5,5,0,5,0,0,0,5,5,0,5,5,5,-291779.89365566336
2020-08-31,0,5,5,5,0,0,5,5,0,0,0,0,0,5,0,5,0,0,5,0,0,0,5,0,0,0,5,0,0,5,0,5,5,0,5,0,0,0,5,5,0,5,5,5,90129.37529090978
2020-09-01,0,5,5,5,0,0,5,5,0,0,0,0,0,5,0,5,0,0,5,0,0,0,5,0,0,0,5,0,0,5,0,5,5,0,5,0,0,0,5,5,0,5,5,5,-9190.516619682312
2020-09-02,0,5,5,5,0,0,5,5,0,0,0,0,0,5,0,5,0,0,5,0,0,0,5,0,0,0,5,0,0,5,0,5,5,0,5,0,0,0,5,5,0,5,5,5,74836.61931480467
2020-09-03,0,5,5,5,0,0,5,5,0,0,0,0,0,5,0,5,0,0,5,0,0,0,5,0,0,0,5,0,0,5,0,5,5,0,5,0,0,0,5,5,0,5,5,5,-84782.56152931415
2020-09-04,0,5,5,5,0,0,5,5,0,0,0,0,0,5,0,5,0,0,5,0,0,0,5,0,0,0,5,0,0,5,0,5,5,0,5,0,0,0,5,5,0,5,5,5,-16773.472171971574
2020-09-08,0,5,5,5,0,0,5,5,0,0,0,0,0,5,0,5,0,0,5,0,0,0,5,0,0,0,5,0,0,5,0,5,5,0,5,0,0,0,5,5,0,5,5,5,-16810.825380554423
2020-09-09,0,5,5,5,0,0,5,5,0,0,0,0,0,5,0,5,0,0,5,0,0,0,5,0,0,0,5,0,0,5,0,5,5,0,5,0,0,0,5,5,0,5,5,5,101982.26019599847
2020-09-10,0,5,5,5,0,0,5,5,0,0,0,0,0,5,0,5,0,0,5,0,0,0,5,0,0,0,5,0,0,5,0,5,5,0,5,0,0,0,5,5,0,5,5,5,39516.70656993799
2020-09-11,0,5,5,5,0,0,5,5,0,0,0,0,0,5,0,5,0,0,5,0,0,0,5,0,0,0,5,0,0,5,0,5,5,0,5,0,0,0,5,5,0,5,5,5,18246.2667297367
2020-09-14,0,5,5,5,0,0,5,5,0,0,0,0,0,5,0,5,0,0,5,0,0,0,5,0,0,0,5,0,0,5,0,5,5,0,5,0,0,0,5,5,0,5,5,5,32846.22359844111
2020-09-15,0,5,5,5,0,0,5,5,0,0,0,0,0,5,0,5,0,0,5,0,0,0,5,0,0,0,5,0,0,5,0,5,5,0,5,0,0,0,5,5,0,5,5,5,136378.90572181717
2020-09-16,0,5,5,5,0,0,5,5,0,0,0,0,0,5,0,5,0,0,5,0,0,0,5,0,0,0,5,0,0,5,0,5,5,0,5,0,0,0,5,5,0,5,5,5,-11227.926819305867
2020-09-17,0,5,5,5,0,0,5,5,0,0,0,0,0,5,0,5,0,0,5,0,0,0,5,0,0,0,5,0,0,5,0,5,5,0,5,0,0,0,5,5,0,5,5,5,128794.6643481832
2020-09-18,0,5,5,5,0,0,5,5,0,0,0,0,0,5,0,5,0,0,5,0,0,0,5,0,0,0,5,0,0,5,0,5,5,0,5,0,0,0,5,5,0,5,5,5,-353024.2866324615
2020-09-21,0,5,5,5,0,0,5,5,0,0,0,0,0,5,0,5,0,0,5,0,0,0,5,0,0,0,5,0,0,5,0,5,5,0,5,0,0,0,5,5,0,5,5,5,-75948.49282970466
2020-09-22,0,5,5,5,0,0,5,5,0,0,0,0,0,5,0,5,0,0,5,0,0,0,5,0,0,0,5,0,0,5,0,5,5,0,5,0,0,0,5,5,0,5,5,5,-30895.19255256653
2020-09-23,0,1,2,5,0,0,5,5,0,0,0,0,0,5,0,5,0,0,5,0,0,0,5,0,0,0,5,0,0,5,0,5,5,0,5,0,0,0,1,0,0,0,5,5,-350777.95981008187
2020-09-24,0,5,5,2,0,0,2,0,0,0,0,0,0,0,4,0,0,0,0,0,0,0,0,0,0,0,-5,0,0,5,0,0,0,0,0,0,0,0,0,0,0,0,0,5,353890.76949950494
2020-09-25,0,5,5,2,0,0,2,0,0,0,0,0,0,0,3,0,0,0,0,0,0,0,0,0,0,0,-5,0,0,5,0,0,0,0,0,0,0,0,0,0,0,0,0,5,207763.88104758412
2020-09-28,0,5,5,2,0,0,3,0,0,0,0,0,0,0,1,0,0,0,0,0,0,0,0,0,0,0,-5,0,0,5,0,0,0,0,0,0,0,0,0,0,0,0,0,5,2459.5228528678417
2020-09-29,0,5,5,2,0,0,4,0,0,0,0,0,0,0,2,0,0,0,0,0,0,0,0,0,0,0,-5,0,0,5,0,0,0,0,0,0,0,0,0,0,0,0,0,5,33975.95877620578
2020-09-30,0,5,5,2,0,0,4,0,0,0,0,0,0,0,2,0,0,0,0,0,0,0,0,0,0,0,-5,0,0,5,0,0,0,0,0,0,0,0,0,0,0,0,0,5,159931.93367904797
2020-10-01,0,5,5,2,0,0,3,0,0,0,0,0,0,0,2,0,0,0,0,0,0,0,0,0,0,0,-5,0,1,5,0,0,0,0,0,0,0,0,0,0,0,0,0,5,24219.149194777012
2020-10-05,0,5,5,2,0,0,4,0,0,0,0,0,0,0,1,0,0,0,0,0,0,0,0,0,0,0,-5,0,0,5,0,0,0,0,0,0,0,0,0,0,0,0,0,5,106226.49099765159
2020-10-06,0,5,5,2,0,0,4,0,0,0,0,0,0,0,1,0,0,0,0,0,0,0,0,0,0,0,-5,0,0,5,0,0,0,0,0,0,0,0,0,0,0,0,0,5,122726.19306006469
2020-10-07,0,5,5,2,0,0,4,0,0,0,0,0,0,0,3,0,0,0,0,0,0,0,0,0,0,0,-5,0,1,5,0,0,0,0,0,0,0,0,0,0,0,0,0,5,148946.89086143672
2020-10-08,0,5,5,2,0,0,4,0,0,0,0,0,0,0,3,0,0,0,0,0,0,0,0,0,0,0,-5,0,0,5,0,0,0,0,0,0,0,0,0,0,0,0,0,5,-18872.131952775642
2020-10-09,0,5,5,2,0,0,4,0,0,0,0,0,0,0,2,0,0,0,0,0,0,0,0,0,0,0,-5,0,0,5,0,0,0,0,0,0,0,0,0,0,0,0,0,5,37784.282216722146
2020-10-12,0,5,5,2,0,0,5,0,0,0,0,0,0,0,0,0,0,0,0,0,0,0,0,0,0,0,-5,0,1,5,0,0,0,0,0,0,0,0,0,0,0,0,0,5,-10880.869477609172
2020-10-13,0,5,5,2,0,0,4,0,0,0,0,0,0,0,3,0,0,0,0,0,0,0,0,0,0,0,-5,0,0,5,0,0,0,0,0,0,0,0,0,0,0,0,0,5,76873.69242923707
2020-10-14,0,5,5,2,0,0,3,0,0,0,0,0,0,0,3,0,0,0,0,0,0,0,0,0,0,0,-5,0,2,5,0,0,0,0,0,0,0,0,0,0,0,0,0,5,-253430.61109631322
2020-10-15,0,5,5,2,0,0,4,0,0,0,0,0,0,0,0,0,0,0,0,0,0,0,0,0,0,0,-5,0,0,5,0,0,0,0,0,0,0,0,0,0,0,0,0,5,84406.15312785469
2020-10-16,0,5,5,2,0,0,3,0,0,0,0,0,0,0,3,0,0,0,0,0,0,0,0,0,0,0,-5,0,0,5,0,0,0,0,0,0,0,0,0,0,0,0,0,5,-42910.456668442115
2020-10-19,0,5,5,2,0,0,3,0,0,0,0,0,0,0,2,0,0,0,0,0,0,0,0,0,0,0,-5,0,2,5,0,0,0,0,0,0,0,0,0,0,0,0,0,5,17265.67014385946
2020-10-20,0,5,5,2,0,0,3,0,0,0,0,0,0,0,2,0,0,0,0,0,0,0,0,0,0,0,-5,0,0,5,0,0,0,0,0,0,0,0,0,0,0,0,0,5,-26269.77989530191
2020-10-21,0,5,5,2,0,0,3,0,0,0,0,0,0,0,2,0,0,0,0,0,0,0,0,0,0,0,-5,0,1,5,0,0,0,0,0,0,0,0,0,0,0,0,0,5,-80977.81263739057
2020-10-22,0,5,5,2,0,0,3,0,0,0,0,0,0,0,2,0,0,0,0,0,0,0,0,0,0,0,-5,0,0,5,0,0,0,0,0,0,0,0,0,0,0,0,0,5,42478.36567612551
2020-10-23,0,5,5,2,0,0,5,0,0,0,0,0,0,0,0,0,0,0,0,0,0,0,0,0,0,0,-5,0,0,5,0,0,0,0,0,0,0,0,0,0,0,0,0,5,-266116.74576364085
2020-10-26,0,5,5,2,0,0,5,0,0,0,0,0,0,0,5,0,0,0,0,0,0,0,0,0,0,0,-5,0,2,5,0,0,0,0,0,0,0,0,0,0,0,0,0,5,154751.11938297935
2020-10-27,0,5,5,2,0,0,5,0,0,0,0,0,0,0,5,0,0,0,0,0,0,0,0,0,0,0,-5,0,0,5,0,0,0,0,0,0,0,0,0,0,0,0,1,5,-117016.62111170217
2020-10-28,0,5,5,2,0,0,5,0,0,0,0,0,0,0,5,0,0,0,0,0,0,0,0,0,0,0,-5,0,2,5,0,0,0,0,0,0,0,0,0,0,0,0,1,5,-22655.697474051267
2020-10-29,0,5,5,2,0,0,5,0,0,0,0,0,0,0,5,0,0,0,0,0,0,0,0,0,0,0,-5,0,0,5,0,0,0,0,0,0,0,0,0,0,0,0,1,5,-116960.4558199551
2020-10-30,0,5,5,2,0,0,5,0,0,0,0,0,0,0,5,0,0,0,0,0,0,0,0,0,0,0,-5,0,1,5,0,0,0,0,0,0,0,0,0,0,0,0,0,5,-51405.499557310715
2020-11-02,0,5,5,2,0,0,5,0,0,0,0,0,0,0,1,0,0,0,0,0,0,0,0,0,0,0,-5,0,1,5,0,0,0,0,0,0,0,0,0,0,0,0,0,5,94147.24625369161
2020-11-03,0,5,5,2,0,0,5,0,0,0,0,0,0,0,0,0,0,0,0,0,0,0,0,0,0,0,-5,0,0,5,0,0,0,0,0,0,0,0,0,0,0,0,0,5,128118.09983113036
2020-11-04,0,5,5,2,0,0,4,0,0,0,0,0,0,0,3,0,0,0,0,0,0,0,0,0,0,0,-5,0,1,5,0,0,0,0,0,0,0,0,0,0,0,0,0,5,241698.2417540215
2020-11-05,0,5,5,2,0,0,4,0,0,0,0,0,0,0,3,0,0,0,0,0,0,0,0,0,0,0,-5,0,1,5,0,0,0,0,0,0,0,0,0,0,0,0,0,5,80226.12424706295
2020-11-06,0,5,5,2,0,0,2,0,0,0,0,0,0,0,3,0,0,0,0,0,0,0,0,0,0,0,-5,0,1,5,0,0,0,0,0,0,0,0,0,0,0,0,0,5,71074.4884787742
2020-11-09,0,5,5,2,0,0,2,0,0,0,0,0,0,0,1,0,0,0,0,0,0,0,0,0,0,0,-5,0,0,5,0,0,0,0,0,0,0,0,0,0,0,0,0,5,55787.57146347128
2020-11-10,0,5,5,2,0,0,0,0,0,0,0,0,0,0,3,0,0,0,0,0,0,0,0,0,0,0,-5,0,0,5,0,0,0,0,0,0,0,0,0,0,0,0,0,5,294448.95198794454
2020-11-11,0,5,5,2,0,0,0,0,0,0,0,0,0,0,0,0,0,0,0,0,0,0,0,0,0,0,-5,0,1,5,0,0,0,0,0,0,0,0,0,0,0,0,0,5,5329.861074188724
2020-11-12,0,5,5,1,0,0,5,0,0,0,0,0,0,1,0,0,0,0,0,0,0,0,0,0,0,0,-5,0,1,5,0,0,0,0,0,0,0,0,0,0,0,0,0,5,145608.9836779479
2020-11-13,0,5,5,1,0,0,5,0,0,0,0,0,0,0,5,0,0,0,1,0,0,0,0,0,0,0,-5,0,1,5,0,0,0,0,0,0,0,0,0,0,0,0,1,5,45420.22445470467
2020-11-17,0,5,5,1,0,0,5,0,0,0,0,0,0,1,1,0,0,0,0,0,0,0,0,0,0,0,-5,0,1,5,0,0,0,0,0,0,0,0,0,0,0,0,0,5,110611.54153434746
2020-11-18,0,5,5,1,0,0,5,0,0,0,0,0,0,1,1,0,0,0,0,0,0,0,0,0,0,0,-5,0,0,5,0,0,0,0,0,0,0,0,0,0,0,0,0,5,-81791.66958619654
2020-11-19,0,5,5,1,0,0,5,0,0,0,0,0,0,0,5,0,0,0,1,0,0,0,0,0,0,0,-5,0,4,5,0,0,0,0,0,0,0,0,0,0,0,0,1,5,314070.1267451085
2020-11-20,0,5,5,1,0,0,5,0,0,0,0,0,0,0,5,0,0,0,0,0,0,0,0,0,0,0,-5,0,2,5,0,0,0,0,0,0,0,0,0,0,0,0,2,5,255054.27112848684
2020-11-23,0,5,5,1,0,0,5,0,0,0,0,0,0,0,5,0,0,0,0,0,0,0,0,0,0,0,-5,0,3,5,0,0,0,0,0,0,0,0,0,0,0,0,1,5,134688.5181299057
2020-11-24,0,5,5,1,0,0,5,0,0,0,0,0,0,0,5,0,0,0,1,0,0,0,0,0,0,0,-5,0,1,5,0,0,0,0,0,0,0,0,0,0,0,0,0,5,-243324.69253042527
2020-11-25,0,5,5,1,0,0,5,0,0,0,0,0,0,0,5,0,0,0,1,0,0,0,0,0,0,0,-5,0,2,5,0,0,0,0,0,0,0,0,0,0,0,0,0,5,123790.56872683764
2020-11-27,0,5,5,1,0,0,5,0,0,0,0,0,0,0,5,0,0,0,0,0,0,0,0,0,0,0,-5,0,1,5,0,0,0,0,0,0,0,0,0,0,0,0,1,5,134335.78659544326
2020-12-01,0,5,5,1,0,0,5,0,0,0,0,0,0,0,5,0,0,0,0,0,0,0,0,0,0,0,-5,0,4,5,0,0,0,0,0,0,0,0,0,0,0,0,0,5,107130.32434893772
2020-12-02,0,5,5,1,0,0,5,0,0,0,0,0,0,0,5,0,0,0,0,0,0,0,0,0,0,0,-5,0,2,5,0,0,0,0,0,0,0,0,0,0,0,0,0,5,158498.96125907078
2020-12-03,0,5,5,1,0,0,5,0,0,0,0,0,0,1,3,0,0,0,0,0,0,0,0,0,0,0,-5,0,1,5,0,0,0,0,0,0,0,0,0,0,0,0,0,5,115789.89024432376
2020-12-04,0,5,5,1,0,0,5,0,0,0,0,0,0,1,4,0,0,0,0,0,0,0,0,0,0,0,-5,0,0,5,0,0,0,0,0,0,0,0,0,0,0,0,0,5,79681.18666321598
2020-12-07,0,5,5,1,0,0,5,0,0,0,0,0,0,1,2,0,0,0,0,0,0,0,0,0,0,0,-5,0,1,5,0,0,0,0,0,0,0,0,0,0,0,0,0,5,46719.307902634144
2020-12-08,0,5,5,1,0,0,5,0,0,0,0,0,0,1,3,0,0,0,0,0,0,0,0,0,0,0,-5,0,0,5,0,0,0,0,0,0,0,0,0,0,0,0,0,5,57770.02214909345
2020-12-09,0,5,5,1,0,0,5,0,0,0,0,0,0,1,2,0,0,0,0,0,0,0,0,0,0,0,-5,0,0,5,0,0,0,0,0,0,0,0,0,0,0,0,0,5,-76029.33195011877
2020-12-10,0,5,5,1,0,0,5,0,0,0,0,0,0,1,3,0,0,0,0,0,0,0,0,0,0,0,-5,0,1,5,0,0,0,0,0,0,0,0,0,0,0,0,0,5,9834.256614653394
2020-12-11,0,5,5,1,0,0,5,0,0,0,0,0,0,1,2,0,0,0,0,0,0,0,0,0,0,0,-5,0,1,5,0,0,0,0,0,0,0,0,0,0,0,0,0,5,-23051.215589774773
2020-12-14,0,5,5,1,0,0,5,0,0,0,0,0,0,1,2,0,0,0,0,0,0,0,0,0,0,0,-5,0,2,5,0,0,0,0,0,0,0,0,0,0,0,0,0,5,130806.6582018286
2020-12-15,0,5,5,1,0,0,5,0,0,0,0,0,0,1,3,0,0,0,0,0,0,0,0,0,0,0,-5,0,0,5,0,0,0,0,0,0,0,0,0,0,0,0,0,5,35593.412635101005
2020-12-16,0,5,5,1,0,0,5,0,0,0,0,0,0,1,3,0,0,0,0,0,0,0,0,0,0,0,-5,0,0,5,0,0,0,0,0,0,0,0,0,0,0,0,0,5,16166.227404426783
2020-12-17,0,5,5,1,0,0,5,0,0,0,0,0,0,1,1,0,0,0,0,0,0,0,0,0,0,0,-5,0,1,5,0,0,0,0,0,0,0,0,0,0,0,0,0,5,99641.95652882382
2020-12-18,0,5,5,1,0,0,5,0,0,0,0,0,0,0,5,0,0,0,1,0,0,0,0,0,0,0,-5,0,0,5,0,0,0,0,0,0,0,0,0,0,0,0,0,5,-489075.6255054008
2020-12-21,0,5,5,1,0,0,5,0,0,0,0,0,0,0,5,0,0,0,1,0,0,0,0,0,0,0,-5,0,0,5,0,0,0,0,0,0,0,0,0,0,0,0,1,5,174417.70567766577
2020-12-22,0,5,5,1,0,0,5,0,0,0,0,0,0,0,5,0,0,0,1,0,0,0,0,0,0,0,-5,0,1,5,0,0,0,0,0,0,0,0,0,0,0,0,0,5,171728.84019223787
2020-12-23,0,5,5,1,0,0,5,0,0,0,0,0,0,0,5,0,0,0,0,0,0,0,0,0,0,0,-5,0,0,5,0,0,0,0,0,0,0,0,0,0,0,0,2,5,96043.33009606786
2020-12-24,0,5,5,1,0,0,5,0,0,0,0,0,0,0,5,0,0,0,0,0,0,0,0,0,0,0,-5,0,1,5,0,0,0,0,0,0,0,0,0,0,0,0,1,5,83274.99115123786
2020-12-28,0,5,5,1,0,0,5,0,0,0,0,0,0,0,5,0,0,0,0,0,0,0,0,0,0,0,-5,0,0,5,0,0,0,0,0,0,0,0,0,0,0,0,1,5,5820.786010269076
2020-12-29,0,5,4,0,0,0,3,0,0,0,0,0,0,0,2,0,0,0,0,0,0,0,0,0,0,0,-3,0,1,5,0,0,0,0,0,0,0,0,0,0,0,0,0,5,92306.87529684417
2020-12-30,0,0,0,0,0,0,0,0,0,0,0,0,0,0,0,0,0,0,0,0,0,0,0,0,0,0,0,0,0,0,0,0,0,0,0,0,0,0,0,0,0,0,0,0,-64346.6403503418
2020-12-31,0,0,0,0,0,0,0,0,0,0,0,0,0,0,0,0,0,0,0,0,0,0,0,0,0,0,0,0,0,0,0,0,0,0,0,0,0,0,0,0,0,0,0,0,169590.03135681152
2021-01-04,0,0,0,0,0,0,0,0,0,0,0,0,0,0,0,0,0,0,0,0,0,0,0,0,0,0,0,0,0,0,0,0,0,0,0,0,0,0,0,0,0,0,0,0,8323.997116088867
2021-01-05,0,0,0,0,0,0,0,0,0,0,0,0,0,0,0,0,0,0,0,0,0,0,0,0,0,0,0,0,0,0,0,0,0,0,0,0,0,0,0,0,0,0,0,0,-40787.06929016113
2021-01-06,0,0,0,0,0,0,0,0,0,0,0,0,0,0,0,0,0,0,0,0,0,0,0,0,0,0,0,0,0,0,0,0,0,0,0,0,0,0,0,0,0,0,0,0,17233.171211242676
2021-01-07,0,0,0,0,0,0,0,0,0,0,0,0,0,0,0,0,0,0,0,0,0,0,0,0,0,0,0,0,0,0,0,0,0,0,0,0,0,0,0,0,0,0,0,0,373702.6694793701
2021-01-08,0,0,0,0,0,0,0,0,0,0,0,0,0,0,0,0,0,0,0,0,0,0,0,0,0,0,0,0,0,0,0,0,0,0,0,0,0,0,0,0,0,0,0,0,80190.200340271
2021-01-11,0,0,0,0,0,0,0,0,0,0,0,0,0,0,0,0,0,0,0,0,0,0,0,0,0,0,0,0,0,0,0,0,0,0,0,0,0,0,0,0,0,0,0,0,-16972.782516479492
2021-01-12,0,0,0,0,0,0,0,0,0,0,0,0,0,0,0,0,0,0,0,0,0,0,0,0,0,0,0,0,0,0,0,0,0,0,0,0,0,0,0,0,0,0,0,0,-102643.84823608398
2021-01-13,0,0,0,0,0,0,0,0,0,0,0,0,0,0,0,0,0,0,0,0,0,0,0,0,0,0,0,0,0,0,0,0,0,0,0,0,0,0,0,0,0,0,0,0,-12380.094131469727
2021-01-14,0,0,0,0,0,0,0,0,0,0,0,0,0,0,0,0,0,0,0,0,0,0,0,0,0,0,0,0,0,0,0,0,0,0,0,0,0,0,0,0,0,0,0,0,-222042.70224761963
2021-01-15,0,0,0,0,0,0,0,0,0,0,0,0,0,0,0,0,0,0,0,0,0,0,0,0,0,0,0,0,0,0,0,0,0,0,0,0,0,0,0,0,0,0,0,0,168970.693649292
2021-01-19,0,0,0,0,0,0,0,0,0,0,0,0,0,0,0,0,0,0,0,0,0,0,0,0,0,0,0,0,0,0,0,0,0,0,0,0,0,0,0,0,0,0,0,0,103471.2043762207
2021-01-20,0,0,0,0,0,0,0,0,0,0,0,0,0,0,0,0,0,0,0,0,0,0,0,0,0,0,0,0,0,0,0,0,0,0,0,0,0,0,0,0,0,0,0,0,41402.68891143799
2021-01-21,0,0,0,0,0,0,0,0,0,0,0,0,0,0,0,0,0,0,0,0,0,0,0,0,0,0,0,0,0,0,0,0,0,0,0,0,0,0,0,0,0,0,0,0,237211.41926574707
2021-01-22,0,0,0,0,0,0,0,0,0,0,0,0,0,0,0,0,0,0,0,0,0,0,0,0,0,0,0,0,0,0,0,0,0,0,0,0,0,0,0,0,0,0,0,0,64447.118644714355
2021-01-25,0,0,0,0,0,0,0,0,0,0,0,0,0,0,0,0,0,0,0,0,0,0,0,0,0,0,0,0,0,0,0,0,0,0,0,0,0,0,0,0,0,0,0,0,-186252.75399017334
2021-01-27,0,0,0,0,0,0,0,0,0,0,0,0,0,0,0,0,0,0,0,0,0,0,0,0,0,0,0,0,0,0,0,0,0,0,0,0,0,0,0,0,0,0,0,0,-137591.57971954346
2021-01-28,0,0,0,0,0,0,0,0,0,0,0,0,0,0,0,0,0,0,0,0,0,0,0,0,0,0,0,0,0,0,0,0,0,0,0,0,0,0,0,0,0,0,0,0,-442897.8536148071
2021-01-29,0,0,0,0,0,0,0,0,0,0,0,0,0,0,0,0,0,0,0,0,0,0,0,0,0,0,0,0,0,0,0,0,0,0,0,0,0,0,0,0,0,0,0,0,657194.0476303101
2021-02-01,0,0,0,0,0,0,0,0,0,0,0,0,0,0,0,0,0,0,0,0,0,0,0,0,0,0,0,0,0,0,0,0,0,0,0,0,0,0,0,0,0,0,0,0,178549.7265777588
2021-02-02,0,0,0,0,0,0,0,0,0,0,0,0,0,0,0,0,0,0,0,0,0,0,0,0,0,0,0,0,0,0,0,0,0,0,0,0,0,0,0,0,0,0,0,0,162783.53245544434
2021-02-03,0,0,0,0,0,0,0,0,0,0,0,0,0,0,0,0,0,0,0,0,0,0,0,0,0,0,0,0,0,0,0,0,0,0,0,0,0,0,0,0,0,0,0,0,133379.166305542
2021-02-04,0,0,0,0,0,0,0,0,0,0,0,0,0,0,0,0,0,0,0,0,0,0,0,0,0,0,0,0,0,0,0,0,0,0,0,0,0,0,0,0,0,0,0,0,125039.51950073242
2021-02-05,0,0,0,0,0,0,0,0,0,0,0,0,0,0,0,0,0,0,0,0,0,0,0,0,0,0,0,0,0,0,0,0,0,0,0,0,0,0,0,0,0,0,0,0,219600.87341308594
2021-02-08,0,0,0,0,0,0,0,0,0,0,0,0,0,0,0,0,0,0,0,0,0,0,0,0,0,0,0,0,0,0,0,0,0,0,0,0,0,0,0,0,0,0,0,0,-94623.60327911377
2021-02-09,0,0,0,0,0,0,0,0,0,0,0,0,0,0,0,0,0,0,0,0,0,0,0,0,0,0,0,0,0,0,0,0,0,0,0,0,0,0,0,0,0,0,0,0,140641.45149230957
2021-02-10,0,0,0,0,0,0,0,0,0,0,0,0,0,0,0,0,0,0,0,0,0,0,0,0,0,0,0,0,0,0,0,0,0,0,0,0,0,0,0,0,0,0,0,0,78314.1533203125
2021-02-11,0,0,0,0,0,0,0,0,0,0,0,0,0,0,0,0,0,0,0,0,0,0,0,0,0,0,0,0,0,0,0,0,0,0,0,0,0,0,0,0,0,0,0,0,-52821.69776916504
2021-02-12,0,0,0,0,0,0,0,0,0,0,0,0,0,0,0,0,0,0,0,0,0,0,0,0,0,0,0,0,0,0,0,0,0,0,0,0,0,0,0,0,0,0,0,0,47116.024017333984
2021-02-16,0,0,0,0,0,0,0,0,0,0,0,0,0,0,0,0,0,0,0,0,0,0,0,0,0,0,0,0,0,0,0,0,0,0,0,0,0,0,0,0,0,0,0,0,-137323.14015197754
2021-02-17,0,0,0,0,0,0,0,0,0,0,0,0,0,0,0,0,0,0,0,0,0,0,0,0,0,0,0,0,0,0,0,0,0,0,0,0,0,0,0,0,0,0,0,0,-85034.24833679199
2021-02-18,0,0,0,0,0,0,0,0,0,0,0,0,0,0,0,0,0,0,0,0,0,0,0,0,0,0,0,0,0,0,0,0,0,0,0,0,0,0,0,0,0,0,0,0,-136076.01090240479
2021-02-19,0,0,0,0,0,0,0,0,0,0,0,0,0,0,0,0,0,0,0,0,0,0,0,0,0,0,0,0,0,0,0,0,0,0,0,0,0,0,0,0,0,0,0,0,-323856.45194244385
2021-02-22,0,0,0,0,0,0,0,0,0,0,0,0,0,0,0,0,0,0,0,0,0,0,0,0,0,0,0,0,0,0,0,0,0,0,0,0,0,0,0,0,0,0,0,0,7574.00129699707
2021-02-23,0,0,0,0,0,0,0,0,0,0,0,0,0,0,0,0,0,0,0,0,0,0,0,0,0,0,0,0,0,0,0,0,0,0,0,0,0,0,0,0,0,0,0,0,175404.9472579956
2021-02-24,0,0,0,0,0,0,0,0,0,0,0,0,0,0,0,0,0,0,0,0,0,0,0,0,0,0,0,0,0,0,0,0,0,0,0,0,0,0,0,0,0,0,0,0,118020.4008102417
2021-02-25,0,0,0,0,0,0,0,0,0,0,0,0,0,0,0,0,0,0,0,0,0,0,0,0,0,0,0,0,0,0,0,0,0,0,0,0,0,0,0,0,0,0,0,0,-715416.4793243408
2021-02-26,0,0,0,0,0,0,0,0,0,0,0,0,0,0,0,0,0,0,0,0,0,0,0,0,0,0,0,0,0,0,0,0,0,0,0,0,0,0,0,0,0,0,0,0,267787.56132507324
2021-03-01,0,0,0,0,0,0,0,0,0,0,0,0,0,0,0,0,0,0,0,0,0,0,0,0,0,0,0,0,0,0,0,0,0,0,0,0,0,0,0,0,0,0,0,0,255243.79457092285
2021-03-02,0,0,0,0,0,0,0,0,0,0,0,0,0,0,0,0,0,0,0,0,0,0,0,0,0,0,0,0,0,0,0,0,0,0,0,0,0,0,0,0,0,0,0,0,350158.1748046875
2021-03-03,0,0,0,0,0,0,0,0,0,0,0,0,0,0,0,0,0,0,0,0,0,0,0,0,0,0,0,0,0,0,0,0,0,0,0,0,0,0,0,0,0,0,0,0,-49630.42329406738
2021-03-04,0,0,0,0,0,0,0,0,0,0,0,0,0,0,0,0,0,0,0,0,0,0,0,0,0,0,0,0,0,0,0,0,0,0,0,0,0,0,0,0,0,0,0,0,-131836.9008178711
2021-03-05,0,0,0,0,0,0,0,0,0,0,0,0,0,0,0,0,0,0,0,0,0,0,0,0,0,0,0,0,0,0,0,0,0,0,0,0,0,0,0,0,0,0,0,0,-99509.8988494873
2021-03-08,0,0,0,0,0,0,0,0,0,0,0,0,0,0,0,0,0,0,0,0,0,0,0,0,0,0,0,0,0,0,0,0,0,0,0,0,0,0,0,0,0,0,0,0,86595.35934448242
2021-03-09,0,0,0,0,0,0,0,0,0,0,0,0,0,0,0,0,0,0,0,0,0,0,0,0,0,0,0,0,0,0,0,0,0,0,0,0,0,0,0,0,0,0,0,0,131539.6434249878
2021-03-10,0,0,0,0,0,0,0,0,0,0,0,0,0,0,0,0,0,0,0,0,0,0,0,0,0,0,0,0,0,0,0,0,0,0,0,0,0,0,0,0,0,0,0,0,-243647.8915939331
2021-03-12,0,0,0,0,0,0,0,0,0,0,0,0,0,0,0,0,0,0,0,0,0,0,0,0,0,0,0,0,0,0,0,0,0,0,0,0,0,0,0,0,0,0,0,0,-239706.45093536377
2021-03-15,0,0,0,0,0,0,0,0,0,0,0,0,0,0,0,0,0,0,0,0,0,0,0,0,0,0,0,0,0,0,0,0,0,0,0,0,0,0,0,0,0,0,0,0,28017.800170898438
2021-03-16,0,0,0,0,0,0,0,0,0,0,0,0,0,0,0,0,0,0,0,0,0,0,0,0,0,0,0,0,0,0,0,0,0,0,0,0,0,0,0,0,0,0,0,0,-257033.7734375
2021-03-17,0,0,0,0,0,0,0,0,0,0,0,0,0,0,0,0,0,0,0,0,0,0,0,0,0,0,0,0,0,0,0,0,0,0,0,0,0,0,0,0,0,0,0,0,-162662.1386795044
2021-03-18,0,0,0,0,0,0,0,0,0,0,0,0,0,0,0,0,0,0,0,0,0,0,0,0,0,0,0,0,0,0,0,0,0,0,0,0,0,0,0,0,0,0,0,0,156204.02629089355
2021-03-19,0,0,0,0,0,0,0,0,0,0,0,0,0,0,0,0,0,0,0,0,0,0,0,0,0,0,0,0,0,0,0,0,0,0,0,0,0,0,0,0,0,0,0,0,85306.7950515747
2021-03-22,0,0,0,0,0,0,0,0,0,0,0,0,0,0,0,0,0,0,0,0,0,0,0,0,0,0,0,0,0,0,0,0,0,0,0,0,0,0,0,0,0,0,0,0,88221.70640563965
2021-03-23,0,0,0,0,0,0,0,0,0,0,0,0,0,0,0,0,0,0,0,0,0,0,0,0,0,0,0,0,0,0,0,0,0,0,0,0,0,0,0,0,0,0,0,0,-251020.54975128174
2021-03-24,0,0,0,0,0,0,0,0,0,0,0,0,0,0,0,0,0,0,0,0,0,0,0,0,0,0,0,0,0,0,0,0,0,0,0,0,0,0,0,0,0,0,0,0,-321734.29945373535
2021-03-25,0,0,0,0,0,0,0,0,0,0,0,0,0,0,0,0,0,0,0,0,0,0,0,0,0,0,0,0,0,0,0,0,0,0,0,0,0,0,0,0,0,0,0,0,309683.6054458618
2021-03-26,0,0,0,0,0,0,0,0,0,0,0,0,0,0,0,0,0,0,0,0,0,0,0,0,0,0,0,0,0,0,0,0,0,0,0,0,0,0,0,0,0,0,0,0,258324.89476776123
2021-03-30,0,0,0,0,0,0,0,0,0,0,0,0,0,0,0,0,0,0,0,0,0,0,0,0,0,0,0,0,0,0,0,0,0,0,0,0,0,0,0,0,0,0,0,0,29586.122688293457
2021-03-31,0,0,0,0,0,0,0,0,0,0,0,0,0,0,0,0,0,0,0,0,0,0,0,0,0,0,0,0,0,0,0,0,0,0,0,0,0,0,0,0,0,0,0,0,227848.81100463867
2021-04-01,0,0,0,0,0,0,0,0,0,0,0,0,0,0,0,0,0,0,0,0,0,0,0,0,0,0,0,0,0,0,0,0,0,0,0,0,0,0,0,0,0,0,0,0,-305250.33910369873
2021-04-05,0,0,0,0,0,0,0,0,0,0,0,0,0,0,0,0,0,0,0,0,0,0,0,0,0,0,0,0,0,0,0,0,0,0,0,0,0,0,0,0,0,0,0,0,62269.47741699219
2021-04-06,0,0,0,0,0,0,0,0,0,0,0,0,0,0,0,0,0,0,0,0,0,0,0,0,0,0,0,0,0,0,0,0,0,0,0,0,0,0,0,0,0,0,0,0,140743.77248382568
2021-04-07,0,0,0,0,0,0,0,0,0,0,0,0,0,0,0,0,0,0,0,0,0,0,0,0,0,0,0,0,0,0,0,0,0,0,0,0,0,0,0,0,0,0,0,0,112586.36598205566
2021-04-08,0,0,0,0,0,0,0,0,0,0,0,0,0,0,0,0,0,0,0,0,0,0,0,0,0,0,0,0,0,0,0,0,0,0,0,0,0,0,0,0,0,0,0,0,14588.281425476074
2021-04-09,0,0,0,0,0,0,0,0,0,0,0,0,0,0,0,0,0,0,0,0,0,0,0,0,0,0,0,0,0,0,0,0,0,0,0,0,0,0,0,0,0,0,0,0,-464612.84506225586
2021-04-12,0,0,0,0,0,0,0,0,0,0,0,0,0,0,0,0,0,0,0,0,0,0,0,0,0,0,0,0,0,0,0,0,0,0,0,0,0,0,0,0,0,0,0,0,248192.1319732666
2021-04-13,0,0,0,0,0,0,0,0,0,0,0,0,0,0,0,0,0,0,0,0,0,0,0,0,0,0,0,0,0,0,0,0,0,0,0,0,0,0,0,0,0,0,0,0,33925.66687774658
2021-04-15,0,0,0,0,0,0,0,0,0,0,0,0,0,0,0,0,0,0,0,0,0,0,0,0,0,0,0,0,0,0,0,0,0,0,0,0,0,0,0,0,0,0,0,0,177733.46381378174
2021-04-16,0,0,0,0,0,0,0,0,0,0,0,0,0,0,0,0,0,0,0,0,0,0,0,0,0,0,0,0,0,0,0,0,0,0,0,0,0,0,0,0,0,0,0,0,-368070.5696105957
2021-04-19,0,0,0,0,0,0,0,0,0,0,0,0,0,0,0,0,0,0,0,0,0,0,0,0,0,0,0,0,0,0,0,0,0,0,0,0,0,0,0,0,0,0,0,0,144269.82984161377
2021-04-20,0,0,0,0,0,0,0,0,0,0,0,0,0,0,0,0,0,0,0,0,0,0,0,0,0,0,0,0,0,0,0,0,0,0,0,0,0,0,0,0,0,0,0,0,49654.38284301758
2021-04-22,0,0,0,0,0,0,0,0,0,0,0,0,0,0,0,0,0,0,0,0,0,0,0,0,0,0,0,0,0,0,0,0,0,0,0,0,0,0,0,0,0,0,0,0,-66890.84223937988
2021-04-23,0,0,0,0,0,0,0,0,0,0,0,0,0,0,0,0,0,0,0,0,0,0,0,0,0,0,0,0,0,0,0,0,0,0,0,0,0,0,0,0,0,0,0,0,193301.13829803467
2021-04-26,0,0,0,0,0,0,0,0,0,0,0,0,0,0,0,0,0,0,0,0,0,0,0,0,0,0,0,0,0,0,0,0,0,0,0,0,0,0,0,0,0,0,0,0,144743.3457183838
2021-04-27,0,0,0,0,0,0,0,0,0,0,0,0,0,0,0,0,0,0,0,0,0,0,0,0,0,0,0,0,0,0,0,0,0,0,0,0,0,0,0,0,0,0,0,0,293195.71381378174
2021-04-28,0,0,0,0,0,0,0,0,0,0,0,0,0,0,0,0,0,0,0,0,0,0,0,0,0,0,0,0,0,0,0,0,0,0,0,0,0,0,0,0,0,0,0,0,265361.48540496826
2021-04-29,0,0,0,0,0,0,0,0,0,0,0,0,0,0,0,0,0,0,0,0,0,0,0,0,0,0,0,0,0,0,0,0,0,0,0,0,0,0,0,0,0,0,0,0,-161197.3102798462
2021-04-30,0,0,0,0,0,0,0,0,0,0,0,0,0,0,0,0,0,0,0,0,0,0,0,0,0,0,0,0,0,0,0,0,0,0,0,0,0,0,0,0,0,0,0,0,26065.235847473145
2021-05-03,0,0,0,0,0,0,0,0,0,0,0,0,0,0,0,0,0,0,0,0,0,0,0,0,0,0,0,0,0,0,0,0,0,0,0,0,0,0,0,0,0,0,0,0,-143257.1157913208
2021-05-04,0,0,0,0,0,0,0,0,0,0,0,0,0,0,0,0,0,0,0,0,0,0,0,0,0,0,0,0,0,0,0,0,0,0,0,0,0,0,0,0,0,0,0,0,198820.78573608398
2021-05-05,0,0,0,0,0,0,0,0,0,0,0,0,0,0,0,0,0,0,0,0,0,0,0,0,0,0,0,0,0,0,0,0,0,0,0,0,0,0,0,0,0,0,0,0,111411.63533782959
2021-05-06,0,0,0,0,0,0,0,0,0,0,0,0,0,0,0,0,0,0,0,0,0,0,0,0,0,0,0,0,0,0,0,0,0,0,0,0,0,0,0,0,0,0,0,0,96111.15516662598
2021-05-07,0,0,0,0,0,0,0,0,0,0,0,0,0,0,0,0,0,0,0,0,0,0,0,0,0,0,0,0,0,0,0,0,0,0,0,0,0,0,0,0,0,0,0,0,89470.66463470459
2021-05-10,0,0,0,0,0,0,0,0,0,0,0,0,0,0,0,0,0,0,0,0,0,0,0,0,0,0,0,0,0,0,0,0,0,0,0,0,0,0,0,0,0,0,0,0,-79386.6029510498
2021-05-11,0,0,0,0,0,0,0,0,0,0,0,0,0,0,0,0,0,0,0,0,0,0,0,0,0,0,0,0,0,0,0,0,0,0,0,0,0,0,0,0,0,0,0,0,-152429.9476928711
2021-05-12,0,0,0,0,0,0,0,0,0,0,0,0,0,0,0,0,0,0,0,0,0,0,0,0,0,0,0,0,0,0,0,0,0,0,0,0,0,0,0,0,0,0,0,0,-110239.13661956787
2021-05-14,0,0,0,0,0,0,0,0,0,0,0,0,0,0,0,0,0,0,0,0,0,0,0,0,0,0,0,0,0,0,0,0,0,0,0,0,0,0,0,0,0,0,0,0,259015.90893554688
2021-05-17,0,0,0,0,0,0,0,0,0,0,0,0,0,0,0,0,0,0,0,0,0,0,0,0,0,0,0,0,0,0,0,0,0,0,0,0,0,0,0,0,0,0,0,0,273348.90006256104
2021-05-18,0,0,0,0,0,0,0,0,0,0,0,0,0,0,0,0,0,0,0,0,0,0,0,0,0,0,0,0,0,0,0,0,0,0,0,0,0,0,0,0,0,0,0,0,-59806.328521728516
2021-05-19,0,0,0,0,0,0,0,0,0,0,0,0,0,0,0,0,0,0,0,0,0,0,0,0,0,0,0,0,0,0,0,0,0,0,0,0,0,0,0,0,0,0,0,0,-60764.72173309326
2021-05-20,0,0,0,0,0,0,0,0,0,0,0,0,0,0,0,0,0,0,0,0,0,0,0,0,0,0,0,0,0,0,0,0,0,0,0,0,0,0,0,0,0,0,0,0,145205.95761108398
2021-05-21,0,0,0,0,0,0,0,0,0,0,0,0,0,0,0,0,0,0,0,0,0,0,0,0,0,0,0,0,0,0,0,0,0,0,0,0,0,0,0,0,0,0,0,0,-27726.88050842285
2021-05-24,0,0,0,0,0,0,0,0,0,0,0,0,0,0,0,0,0,0,0,0,0,0,0,0,0,0,0,0,0,0,0,0,0,0,0,0,0,0,0,0,0,0,0,0,125512.25102996826
2021-05-25,0,0,0,0,0,0,0,0,0,0,0,0,0,0,0,0,0,0,0,0,0,0,0,0,0,0,0,0,0,0,0,0,0,0,0,0,0,0,0,0,0,0,0,0,290744.3706512451
2021-05-26,0,0,0,0,0,0,0,0,0,0,0,0,0,0,0,0,0,0,0,0,0,0,0,0,0,0,0,0,0,0,0,0,0,0,0,0,0,0,0,0,0,0,0,0,114798.16926574707
2021-05-27,0,0,0,0,0,0,0,0,0,0,0,0,0,0,0,0,0,0,0,0,0,0,0,0,0,0,0,0,0,0,0,0,0,0,0,0,0,0,0,0,0,0,0,0,-137999.8702697754
2021-05-28,0,0,0,0,0,0,0,0,0,0,0,0,0,0,0,0,0,0,0,0,0,0,0,0,0,0,0,0,0,0,0,0,0,0,0,0,0,0,0,0,0,0,0,0,168822.234375
2021-06-01,0,0,0,0,0,0,0,0,0,0,0,0,0,0,0,0,0,0,0,0,0,0,0,0,0,0,0,0,0,0,0,0,0,0,0,0,0,0,0,0,0,0,0,0,32755.409690856934
2021-06-02,0,0,0,0,0,0,0,0,0,0,0,0,0,0,0,0,0,0,0,0,0,0,0,0,0,0,0,0,0,0,0,0,0,0,0,0,0,0,0,0,0,0,0,0,28847.84196472168
2021-06-03,0,0,0,0,0,0,0,0,0,0,0,0,0,0,0,0,0,0,0,0,0,0,0,0,0,0,0,0,0,0,0,0,0,0,0,0,0,0,0,0,0,0,0,0,111637.83155822754
2021-06-04,0,0,0,0,0,0,0,0,0,0,0,0,0,0,0,0,0,0,0,0,0,0,0,0,0,0,0,0,0,0,0,0,0,0,0,0,0,0,0,0,0,0,0,0,-42095.65438079834
2021-06-07,0,0,0,0,0,0,0,0,0,0,0,0,0,0,0,0,0,0,0,0,0,0,0,0,0,0,0,0,0,0,0,0,0,0,0,0,0,0,0,0,0,0,0,0,-2190.0610427856445
2021-06-08,0,0,0,0,0,0,0,0,0,0,0,0,0,0,0,0,0,0,0,0,0,0,0,0,0,0,0,0,0,0,0,0,0,0,0,0,0,0,0,0,0,0,0,0,-184574.29194641113
2021-06-09,0,0,0,0,0,0,0,0,0,0,0,0,0,0,0,0,0,0,0,0,0,0,0,0,0,0,0,0,0,0,0,0,0,0,0,0,0,0,0,0,0,0,0,0,214186.04527282715
2021-06-10,0,0,0,0,0,0,0,0,0,0,0,0,0,0,0,0,0,0,0,0,0,0,0,0,0,0,0,0,0,0,0,0,0,0,0,0,0,0,0,0,0,0,0,0,22532.428619384766
2021-06-11,0,0,0,0,0,0,0,0,0,0,0,0,0,0,0,0,0,0,0,0,0,0,0,0,0,0,0,0,0,0,0,0,0,0,0,0,0,0,0,0,0,0,0,0,6417.770416259766
2021-06-14,0,0,0,0,0,0,0,0,0,0,0,0,0,0,0,0,0,0,0,0,0,0,0,0,0,0,0,0,0,0,0,0,0,0,0,0,0,0,0,0,0,0,0,0,-56129.70226287842
2021-06-15,0,0,0,0,0,0,0,0,0,0,0,0,0,0,0,0,0,0,0,0,0,0,0,0,0,0,0,0,0,0,0,0,0,0,0,0,0,0,0,0,0,0,0,0,-51256.23334503174
2021-06-16,0,0,0,0,0,0,0,0,0,0,0,0,0,0,0,0,0,0,0,0,0,0,0,0,0,0,0,0,0,0,0,0,0,0,0,0,0,0,0,0,0,0,0,0,-60165.08097076416
2021-06-17,0,0,0,0,0,0,0,0,0,0,0,0,0,0,0,0,0,0,0,0,0,0,0,0,0,0,0,0,0,0,0,0,0,0,0,0,0,0,0,0,0,0,0,0,136441.8074874878
2021-06-18,0,0,0,0,0,0,0,0,0,0,0,0,0,0,0,0,0,0,0,0,0,0,0,0,0,0,0,0,0,0,0,0,0,0,0,0,0,0,0,0,0,0,0,0,95269.0023651123
2021-06-21,0,0,0,0,0,0,0,0,0,0,0,0,0,0,0,0,0,0,0,0,0,0,0,0,0,0,0,0,0,0,0,0,0,0,0,0,0,0,0,0,0,0,0,0,63528.23962402344
2021-06-22,0,0,0,0,0,0,0,0,0,0,0,0,0,0,0,0,0,0,0,0,0,0,0,0,0,0,0,0,0,0,0,0,0,0,0,0,0,0,0,0,0,0,0,0,19792.04584503174
2021-06-23,0,0,0,0,0,0,0,0,0,0,0,0,0,0,0,0,0,0,0,0,0,0,0,0,0,0,0,0,0,0,0,0,0,0,0,0,0,0,0,0,0,0,0,0,98621.27939605713
2021-06-24,0,0,0,0,0,0,0,0,0,0,0,0,0,0,0,0,0,0,0,0,0,0,0,0,0,0,0,0,0,0,0,0,0,0,0,0,0,0,0,0,0,0,0,0,49881.20584869385
2021-06-25,0,0,0,0,0,0,0,0,0,0,0,0,0,0,0,0,0,0,0,0,0,0,0,0,0,0,0,0,0,0,0,0,0,0,0,0,0,0,0,0,0,0,0,0,-40474.543212890625
2021-06-28,0,0,0,0,0,0,0,0,0,0,0,0,0,0,0,0,0,0,0,0,0,0,0,0,0,0,0,0,0,0,0,0,0,0,0,0,0,0,0,0,0,0,0,0,-89492.27680969238
2021-06-29,0,0,0,0,0,0,0,0,0,0,0,0,0,0,0,0,0,0,0,0,0,0,0,0,0,0,0,0,0,0,0,0,0,0,0,0,0,0,0,0,0,0,0,0,-101766.36122894287
2021-06-30,0,0,0,0,0,0,0,0,0,0,0,0,0,0,0,0,0,0,0,0,0,0,0,0,0,0,0,0,0,0,0,0,0,0,0,0,0,0,0,0,0,0,0,0,-51568.36241912842
2021-07-01,0,0,0,0,0,0,0,0,0,0,0,0,0,0,0,0,0,0,0,0,0,0,0,0,0,0,0,0,0,0,0,0,0,0,0,0,0,0,0,0,0,0,0,0,-19278.77922821045
2021-07-02,0,0,0,0,0,0,0,0,0,0,0,0,0,0,0,0,0,0,0,0,0,0,0,0,0,0,0,0,0,0,0,0,0,0,0,0,0,0,0,0,0,0,0,0,178424.08834838867
2021-07-06,0,0,0,0,0,0,0,0,0,0,0,0,0,0,0,0,0,0,0,0,0,0,0,0,0,0,0,0,0,0,0,0,0,0,0,0,0,0,0,0,0,0,0,0,127197.99166107178
2021-07-07,0,0,0,0,0,0,0,0,0,0,0,0,0,0,0,0,0,0,0,0,0,0,0,0,0,0,0,0,0,0,0,0,0,0,0,0,0,0,0,0,0,0,0,0,-186511.28887176514
2021-07-08,0,0,0,0,0,0,0,0,0,0,0,0,0,0,0,0,0,0,0,0,0,0,0,0,0,0,0,0,0,0,0,0,0,0,0,0,0,0,0,0,0,0,0,0,128860.06761932373
2021-07-09,0,0,0,0,0,0,0,0,0,0,0,0,0,0,0,0,0,0,0,0,0,0,0,0,0,0,0,0,0,0,0,0,0,0,0,0,0,0,0,0,0,0,0,0,76697.56954193115
2021-07-12,0,0,0,0,0,0,0,0,0,0,0,0,0,0,0,0,0,0,0,0,0,0,0,0,0,0,0,0,0,0,0,0,0,0,0,0,0,0,0,0,0,0,0,0,28461.829582214355
2021-07-13,0,0,0,0,0,0,0,0,0,0,0,0,0,0,0,0,0,0,0,0,0,0,0,0,0,0,0,0,0,0,0,0,0,0,0,0,0,0,0,0,0,0,0,0,49165.070640563965
2021-07-14,0,0,0,0,0,0,0,0,0,0,0,0,0,0,0,0,0,0,0,0,0,0,0,0,0,0,0,0,0,0,0,0,0,0,0,0,0,0,0,0,0,0,0,0,18406.64785003662
2021-07-15,0,0,0,0,0,0,0,0,0,0,0,0,0,0,0,0,0,0,0,0,0,0,0,0,0,0,0,0,0,0,0,0,0,0,0,0,0,0,0,0,0,0,0,0,-33379.40906524658
2021-07-16,0,0,0,0,0,0,0,0,0,0,0,0,0,0,0,0,0,0,0,0,0,0,0,0,0,0,0,0,0,0,0,0,0,0,0,0,0,0,0,0,0,0,0,0,-96349.40599822998
2021-07-19,0,0,0,0,0,0,0,0,0,0,0,0,0,0,0,0,0,0,0,0,0,0,0,0,0,0,0,0,0,0,0,0,0,0,0,0,0,0,0,0,0,0,0,0,-71490.51084899902
2021-07-20,0,0,0,0,0,0,0,0,0,0,0,0,0,0,0,0,0,0,0,0,0,0,0,0,0,0,0,0,0,0,0,0,0,0,0,0,0,0,0,0,0,0,0,0,230638.9635696411
2021-07-22,0,0,0,0,0,0,0,0,0,0,0,0,0,0,0,0,0,0,0,0,0,0,0,0,0,0,0,0,0,0,0,0,0,0,0,0,0,0,0,0,0,0,0,0,70695.16188049316
2021-07-23,0,0,0,0,0,0,0,0,0,0,0,0,0,0,0,0,0,0,0,0,0,0,0,0,0,0,0,0,0,0,0,0,0,0,0,0,0,0,0,0,0,0,0,0,145184.93531799316
2021-07-26,0,0,0,0,0,0,0,0,0,0,0,0,0,0,0,0,0,0,0,0,0,0,0,0,0,0,0,0,0,0,0,0,0,0,0,0,0,0,0,0,0,0,0,0,-161460.57495880127
2021-07-27,0,0,0,0,0,0,0,0,0,0,0,0,0,0,0,0,0,0,0,0,0,0,0,0,0,0,0,0,0,0,0,0,0,0,0,0,0,0,0,0,0,0,0,0,11701.751525878906
2021-07-28,0,0,0,0,0,0,0,0,0,0,0,0,0,0,0,0,0,0,0,0,0,0,0,0,0,0,0,0,0,0,0,0,0,0,0,0,0,0,0,0,0,0,0,0,217178.28299713135
2021-07-29,0,0,0,0,0,0,0,0,0,0,0,0,0,0,0,0,0,0,0,0,0,0,0,0,0,0,0,0,0,0,0,0,0,0,0,0,0,0,0,0,0,0,0,0,-75051.26475524902
2021-07-30,0,0,0,0,0,0,0,0,0,0,0,0,0,0,0,0,0,0,0,0,0,0,0,0,0,0,0,0,0,0,0,0,0,0,0,0,0,0,0,0,0,0,0,0,25160.8179397583
2021-08-02,0,0,0,0,0,0,0,0,0,0,0,0,0,0,0,0,0,0,0,0,0,0,0,0,0,0,0,0,0,0,0,0,0,0,0,0,0,0,0,0,0,0,0,0,239355.44305419922
2021-08-03,0,0,0,0,0,0,0,0,0,0,0,0,0,0,0,0,0,0,0,0,0,0,0,0,0,0,0,0,0,0,0,0,0,0,0,0,0,0,0,0,0,0,0,0,-34039.09312438965
2021-08-04,0,0,0,0,0,0,0,0,0,0,0,0,0,0,0,0,0,0,0,0,0,0,0,0,0,0,0,0,0,0,0,0,0,0,0,0,0,0,0,0,0,0,0,0,-86202.61357116699
2021-08-05,0,0,0,0,0,0,0,0,0,0,0,0,0,0,0,0,0,0,0,0,0,0,0,0,0,0,0,0,0,0,0,0,0,0,0,0,0,0,0,0,0,0,0,0,-39093.50015258789
2021-08-06,0,0,0,0,0,0,0,0,0,0,0,0,0,0,0,0,0,0,0,0,0,0,0,0,0,0,0,0,0,0,0,0,0,0,0,0,0,0,0,0,0,0,0,0,131739.5241165161
2021-08-09,0,0,0,0,0,0,0,0,0,0,0,0,0,0,0,0,0,0,0,0,0,0,0,0,0,0,0,0,0,0,0,0,0,0,0,0,0,0,0,0,0,0,0,0,-123278.30937957764
2021-08-10,0,0,0,0,0,0,0,0,0,0,0,0,0,0,0,0,0,0,0,0,0,0,0,0,0,0,0,0,0,0,0,0,0,0,0,0,0,0,0,0,0,0,0,0,6363.216178894043
2021-08-11,0,0,0,0,0,0,0,0,0,0,0,0,0,0,0,0,0,0,0,0,0,0,0,0,0,0,0,0,0,0,0,0,0,0,0,0,0,0,0,0,0,0,0,0,105291.38682556152
2021-08-12,0,0,0,0,0,0,0,0,0,0,0,0,0,0,0,0,0,0,0,0,0,0,0,0,0,0,0,0,0,0,0,0,0,0,0,0,0,0,0,0,0,0,0,0,60599.131690979004
2021-08-13,0,0,0,0,0,0,0,0,0,0,0,0,0,0,0,0,0,0,0,0,0,0,0,0,0,0,0,0,0,0,0,0,0,0,0,0,0,0,0,0,0,0,0,0,7156.125175476074
2021-08-16,0,0,0,0,0,0,0,0,0,0,0,0,0,0,0,0,0,0,0,0,0,0,0,0,0,0,0,0,0,0,0,0,0,0,0,0,0,0,0,0,0,0,0,0,243721.8572921753
2021-08-17,0,0,0,0,0,0,0,0,0,0,0,0,0,0,0,0,0,0,0,0,0,0,0,0,0,0,0,0,0,0,0,0,0,0,0,0,0,0,0,0,0,0,0,0,162595.0606765747
2021-08-18,0,0,0,0,0,0,0,0,0,0,0,0,0,0,0,0,0,0,0,0,0,0,0,0,0,0,0,0,0,0,0,0,0,0,0,0,0,0,0,0,0,0,0,0,-200587.51371765137
2021-08-20,0,0,0,0,0,0,0,0,0,0,0,0,0,0,0,0,0,0,0,0,0,0,0,0,0,0,0,0,0,0,0,0,0,0,0,0,0,0,0,0,0,0,0,0,54782.5977935791
2021-08-23,0,0,0,0,0,0,0,0,0,0,0,0,0,0,0,0,0,0,0,0,0,0,0,0,0,0,0,0,0,0,0,0,0,0,0,0,0,0,0,0,0,0,0,0,614291.7647399902
2021-08-24,0,0,0,0,0,0,0,0,0,0,0,0,0,0,0,0,0,0,0,0,0,0,0,0,0,0,0,0,0,0,0,0,0,0,0,0,0,0,0,0,0,0,0,0,-261951.46543121338
2021-08-25,0,0,0,0,0,0,0,0,0,0,0,0,0,0,0,0,0,0,0,0,0,0,0,0,0,0,0,0,0,0,0,0,0,0,0,0,0,0,0,0,0,0,0,0,-16624.922721862793
2021-08-26,0,0,0,0,0,0,0,0,0,0,0,0,0,0,0,0,0,0,0,0,0,0,0,0,0,0,0,0,0,0,0,0,0,0,0,0,0,0,0,0,0,0,0,0,267822.57511138916
2021-08-27,0,0,0,0,0,0,0,0,0,0,0,0,0,0,0,0,0,0,0,0,0,0,0,0,0,0,0,0,0,0,0,0,0,0,0,0,0,0,0,0,0,0,0,0,297785.38694763184
2021-08-30,0,0,0,0,0,0,0,0,0,0,0,0,0,0,0,0,0,0,0,0,0,0,0,0,0,0,0,0,0,0,0,0,0,0,0,0,0,0,0,0,0,0,0,0,376692.62155914307
2021-08-31,0,0,0,0,0,0,0,0,0,0,0,0,0,0,0,0,0,0,0,0,0,0,0,0,0,0,0,0,0,0,0,0,0,0,0,0,0,0,0,0,0,0,0,0,-168887.82920837402
2021-09-01,0,0,0,0,0,0,0,0,0,0,0,0,0,0,0,0,0,0,0,0,0,0,0,0,0,0,0,0,0,0,0,0,0,0,0,0,0,0,0,0,0,0,0,0,144563.66300201416
2021-09-02,0,0,0,0,0,0,0,0,0,0,0,0,0,0,0,0,0,0,0,0,0,0,0,0,0,0,0,0,0,0,0,0,0,0,0,0,0,0,0,0,0,0,0,0,90384.26075744629
2021-09-03,0,0,0,0,0,0,0,0,0,0,0,0,0,0,0,0,0,0,0,0,0,0,0,0,0,0,0,0,0,0,0,0,0,0,0,0,0,0,0,0,0,0,0,0,63360.811042785645
2021-09-07,0,0,0,0,0,0,0,0,0,0,0,0,0,0,0,0,0,0,0,0,0,0,0,0,0,0,0,0,0,0,0,0,0,0,0,0,0,0,0,0,0,0,0,0,-120880.64210510254
2021-09-08,0,0,0,0,0,0,0,0,0,0,0,0,0,0,0,0,0,0,0,0,0,0,0,0,0,0,0,0,0,0,0,0,0,0,0,0,0,0,0,0,0,0,0,0,51290.4362411499
2021-09-09,0,0,0,0,0,0,0,0,0,0,0,0,0,0,0,0,0,0,0,0,0,0,0,0,0,0,0,0,0,0,0,0,0,0,0,0,0,0,0,0,0,0,0,0,87050.91040802002
2021-09-13,0,0,0,0,0,0,0,0,0,0,0,0,0,0,0,0,0,0,0,0,0,0,0,0,0,0,0,0,0,0,0,0,0,0,0,0,0,0,0,0,0,0,0,0,5897.71257019043
2021-09-14,0,0,0,0,0,0,0,0,0,0,0,0,0,0,0,0,0,0,0,0,0,0,0,0,0,0,0,0,0,0,0,0,0,0,0,0,0,0,0,0,0,0,0,0,77167.58842468262
2021-09-15,0,0,0,0,0,0,0,0,0,0,0,0,0,0,0,0,0,0,0,0,0,0,0,0,0,0,0,0,0,0,0,0,0,0,0,0,0,0,0,0,0,0,0,0,-22151.489624023438
2021-09-16,0,0,0,0,0,0,0,0,0,0,0,0,0,0,0,0,0,0,0,0,0,0,0,0,0,0,0,0,0,0,0,0,0,0,0,0,0,0,0,0,0,0,0,0,-14013.480178833008
2021-09-17,0,0,0,0,0,0,0,0,0,0,0,0,0,0,0,0,0,0,0,0,0,0,0,0,0,0,0,0,0,0,0,0,0,0,0,0,0,0,0,0,0,0,0,0,-79719.23587036133
2021-09-20,0,0,0,0,0,0,0,0,0,0,0,0,0,0,0,0,0,0,0,0,0,0,0,0,0,0,0,0,0,0,0,0,0,0,0,0,0,0,0,0,0,0,0,0,293270.03646850586
2021-09-21,0,0,0,0,0,0,0,0,0,0,0,0,0,0,0,0,0,0,0,0,0,0,0,0,0,0,0,0,0,0,0,0,0,0,0,0,0,0,0,0,0,0,0,0,49099.08103942871
2021-09-22,0,0,0,0,0,0,0,0,0,0,0,0,0,0,0,0,0,0,0,0,0,0,0,0,0,0,0,0,0,0,0,0,0,0,0,0,0,0,0,0,0,0,0,0,451879.9740753174
2021-09-23,0,0,0,0,0,0,0,0,0,0,0,0,0,0,0,0,0,0,0,0,0,0,0,0,0,0,0,0,0,0,0,0,0,0,0,0,0,0,0,0,0,0,0,0,-48463.872009277344
2021-09-24,0,0,0,0,0,0,0,0,0,0,0,0,0,0,0,0,0,0,0,0,0,0,0,0,0,0,0,0,0,0,0,0,0,0,0,0,0,0,0,0,0,0,0,0,-129241.72807312012
2021-09-27,0,0,0,0,0,0,0,0,0,0,0,0,0,0,0,0,0,0,0,0,0,0,0,0,0,0,0,0,0,0,0,0,0,0,0,0,0,0,0,0,0,0,0,0,-223947.42544555664
2021-09-28,0,0,0,0,0,0,0,0,0,0,0,0,0,0,0,0,0,0,0,0,0,0,0,0,0,0,0,0,0,0,0,0,0,0,0,0,0,0,0,0,0,0,0,0,-93251.56199645996
2021-09-29,0,0,0,0,0,0,0,0,0,0,0,0,0,0,0,0,0,0,0,0,0,0,0,0,0,0,0,0,0,0,0,0,0,0,0,0,0,0,0,0,0,0,0,0,20613.36361694336
2021-09-30,0,0,0,0,0,0,0,0,0,0,0,0,0,0,0,0,0,0,0,0,0,0,0,0,0,0,0,0,0,0,0,0,0,0,0,0,0,0,0,0,0,0,0,0,-192317.20208740234
2021-10-01,0,0,0,0,0,0,0,0,0,0,0,0,0,0,0,0,0,0,0,0,0,0,0,0,0,0,0,0,0,0,0,0,0,0,0,0,0,0,0,0,0,0,0,0,312881.26095581055
2021-10-04,0,0,0,0,0,0,0,0,0,0,0,0,0,0,0,0,0,0,0,0,0,0,0,0,0,0,0,0,0,0,0,0,0,0,0,0,0,0,0,0,0,0,0,0,71737.77722167969
2021-10-05,0,0,0,0,0,0,0,0,0,0,0,0,0,0,0,0,0,0,0,0,0,0,0,0,0,0,0,0,0,0,0,0,0,0,0,0,0,0,0,0,0,0,0,0,-310853.9295654297
2021-10-06,0,0,0,0,0,0,0,0,0,0,0,0,0,0,0,0,0,0,0,0,0,0,0,0,0,0,0,0,0,0,0,0,0,0,0,0,0,0,0,0,0,0,0,0,14660.285705566406
2021-10-07,0,0,0,0,0,0,0,0,0,0,0,0,0,0,0,0,0,0,0,0,0,0,0,0,0,0,0,0,0,0,0,0,0,0,0,0,0,0,0,0,0,0,0,0,72012.96360778809
2021-10-08,0,0,0,0,0,0,0,0,0,0,0,0,0,0,0,0,0,0,0,0,0,0,0,0,0,0,0,0,0,0,0,0,0,0,0,0,0,0,0,0,0,0,0,0,24945.781448364258
2021-10-11,0,0,0,0,0,0,0,0,0,0,0,0,0,0,0,0,0,0,0,0,0,0,0,0,0,0,0,0,0,0,0,0,0,0,0,0,0,0,0,0,0,0,0,0,305889.129989624
2021-10-12,0,0,0,0,0,0,0,0,0,0,0,0,0,0,0,0,0,0,0,0,0,0,0,0,0,0,0,0,0,0,0,0,0,0,0,0,0,0,0,0,0,0,0,0,51132.29429626465
2021-10-13,0,0,0,0,0,0,0,0,0,0,0,0,0,0,0,0,0,0,0,0,0,0,0,0,0,0,0,0,0,0,0,0,0,0,0,0,0,0,0,0,0,0,0,0,180584.4125213623
2021-10-14,0,0,0,0,0,0,0,0,0,0,0,0,0,0,0,0,0,0,0,0,0,0,0,0,0,0,0,0,0,0,0,0,0,0,0,0,0,0,0,0,0,0,0,0,78639.18330383301
2021-10-18,0,0,0,0,0,0,0,0,0,0,0,0,0,0,0,0,0,0,0,0,0,0,0,0,0,0,0,0,0,0,0,0,0,0,0,0,0,0,0,0,0,0,0,0,36021.48629760742
2021-10-19,0,0,0,0,0,0,0,0,0,0,0,0,0,0,0,0,0,0,0,0,0,0,0,0,0,0,0,0,0,0,0,0,0,0,0,0,0,0,0,0,0,0,0,0,-354546.36123657227
2021-10-20,0,0,0,0,0,0,0,0,0,0,0,0,0,0,0,0,0,0,0,0,0,0,0,0,0,0,0,0,0,0,0,0,0,0,0,0,0,0,0,0,0,0,0,0,-130413.07312011719
2021-10-21,0,0,0,0,0,0,0,0,0,0,0,0,0,0,0,0,0,0,0,0,0,0,0,0,0,0,0,0,0,0,0,0,0,0,0,0,0,0,0,0,0,0,0,0,37860.24745178223
2021-10-22,0,0,0,0,0,0,0,0,0,0,0,0,0,0,0,0,0,0,0,0,0,0,0,0,0,0,0,0,0,0,0,0,0,0,0,0,0,0,0,0,0,0,0,0,-308356.429977417
2021-10-25,0,0,0,0,0,0,0,0,0,0,0,0,0,0,0,0,0,0,0,0,0,0,0,0,0,0,0,0,0,0,0,0,0,0,0,0,0,0,0,0,0,0,0,0,221266.78579711914
2021-10-26,0,0,0,0,0,0,0,0,0,0,0,0,0,0,0,0,0,0,0,0,0,0,0,0,0,0,0,0,0,0,0,0,0,0,0,0,0,0,0,0,0,0,0,0,-159272.47647094727
2021-10-27,0,0,0,0,0,0,0,0,0,0,0,0,0,0,0,0,0,0,0,0,0,0,0,0,0,0,0,0,0,0,0,0,0,0,0,0,0,0,0,0,0,0,0,0,-219002.78071594238
2021-10-28,0,0,0,0,0,0,0,0,0,0,0,0,0,0,0,0,0,0,0,0,0,0,0,0,0,0,0,0,0,0,0,0,0,0,0,0,0,0,0,0,0,0,0,0,-69057.57162475586
2021-10-29,0,0,0,0,0,0,0,0,0,0,0,0,0,0,0,0,0,0,0,0,0,0,0,0,0,0,0,0,0,0,0,0,0,0,0,0,0,0,0,0,0,0,0,0,101035.87242126465
2021-11-01,0,0,0,0,0,0,0,0,0,0,0,0,0,0,0,0,0,0,0,0,0,0,0,0,0,0,0,0,0,0,0,0,0,0,0,0,0,0,0,0,0,0,0,0,-54830.51332092285
2021-11-02,0,0,0,0,0,0,0,0,0,0,0,0,0,0,0,0,0,0,0,0,0,0,0,0,0,0,0,0,0,0,0,0,0,0,0,0,0,0,0,0,0,0,0,0,-3771.604690551758
2021-11-03,0,0,0,0,0,0,0,0,0,0,0,0,0,0,0,0,0,0,0,0,0,0,0,0,0,0,0,0,0,0,0,0,0,0,0,0,0,0,0,0,0,0,0,0,110009.86167907715
2021-11-04,0,0,0,0,0,0,0,0,0,0,0,0,0,0,0,0,0,0,0,0,0,0,0,0,0,0,0,0,0,0,0,0,0,0,0,0,0,0,0,0,0,0,0,0,479394.6198272705
2021-11-08,0,0,0,0,0,0,0,0,0,0,0,0,0,0,0,0,0,0,0,0,0,0,0,0,0,0,0,0,0,0,0,0,0,0,0,0,0,0,0,0,0,0,0,0,-49995.302978515625
2021-11-09,0,0,0,0,0,0,0,0,0,0,0,0,0,0,0,0,0,0,0,0,0,0,0,0,0,0,0,0,0,0,0,0,0,0,0,0,0,0,0,0,0,0,0,0,36571.41117858887
2021-11-10,0,0,0,0,0,0,0,0,0,0,0,0,0,0,0,0,0,0,0,0,0,0,0,0,0,0,0,0,0,0,0,0,0,0,0,0,0,0,0,0,0,0,0,0,-292320.12159729004
2021-11-11,0,0,0,0,0,0,0,0,0,0,0,0,0,0,0,0,0,0,0,0,0,0,0,0,0,0,0,0,0,0,0,0,0,0,0,0,0,0,0,0,0,0,0,0,209718.22430419922
2021-11-12,0,0,0,0,0,0,0,0,0,0,0,0,0,0,0,0,0,0,0,0,0,0,0,0,0,0,0,0,0,0,0,0,0,0,0,0,0,0,0,0,0,0,0,0,-42964.76658630371
2021-11-15,0,0,0,0,0,0,0,0,0,0,0,0,0,0,0,0,0,0,0,0,0,0,0,0,0,0,0,0,0,0,0,0,0,0,0,0,0,0,0,0,0,0,0,0,-63208.46495056152
2021-11-16,0,0,0,0,0,0,0,0,0,0,0,0,0,0,0,0,0,0,0,0,0,0,0,0,0,0,0,0,0,0,0,0,0,0,0,0,0,0,0,0,0,0,0,0,-89750.3755493164
2021-11-17,0,0,0,0,0,0,0,0,0,0,0,0,0,0,0,0,0,0,0,0,0,0,0,0,0,0,0,0,0,0,0,0,0,0,0,0,0,0,0,0,0,0,0,0,-304027.75093078613
2021-11-18,0,0,0,0,0,0,0,0,0,0,0,0,0,0,0,0,0,0,0,0,0,0,0,0,0,0,0,0,0,0,0,0,0,0,0,0,0,0,0,0,0,0,0,0,-613266.7561950684
2021-11-22,0,0,0,0,0,0,0,0,0,0,0,0,0,0,0,0,0,0,0,0,0,0,0,0,0,0,0,0,0,0,0,0,0,0,0,0,0,0,0,0,0,0,0,0,163120.02072143555
2021-11-23,0,0,0,0,0,0,0,0,0,0,0,0,0,0,0,0,0,0,0,0,0,0,0,0,0,0,0,0,0,0,0,0,0,0,0,0,0,0,0,0,0,0,0,0,-91040.51483154297
2021-11-24,0,0,0,0,0,0,0,0,0,0,0,0,0,0,0,0,0,0,0,0,0,0,0,0,0,0,0,0,0,0,0,0,0,0,0,0,0,0,0,0,0,0,0,0,-402509.73152160645
2021-11-26,0,0,0,0,0,0,0,0,0,0,0,0,0,0,0,0,0,0,0,0,0,0,0,0,0,0,0,0,0,0,0,0,0,0,0,0,0,0,0,0,0,0,0,0,61740.386657714844
2021-11-29,0,0,0,0,0,0,0,0,0,0,0,0,0,0,0,0,0,0,0,0,0,0,0,0,0,0,0,0,0,0,0,0,0,0,0,0,0,0,0,0,0,0,0,0,83491.57861328125
2021-11-30,0,0,0,0,0,0,0,0,0,0,0,0,0,0,0,0,0,0,0,0,0,0,0,0,0,0,0,0,0,0,0,0,0,0,0,0,0,0,0,0,0,0,0,0,61889.65328979492
2021-12-01,0,0,0,0,0,0,0,0,0,0,0,0,0,0,0,0,0,0,0,0,0,0,0,0,0,0,0,0,0,0,0,0,0,0,0,0,0,0,0,0,0,0,0,0,312862.82666015625
2021-12-02,0,0,0,0,0,0,0,0,0,0,0,0,0,0,0,0,0,0,0,0,0,0,0,0,0,0,0,0,0,0,0,0,0,0,0,0,0,0,0,0,0,0,0,0,-243927.3674621582
2021-12-03,0,0,0,0,0,0,0,0,0,0,0,0,0,0,0,0,0,0,0,0,0,0,0,0,0,0,0,0,0,0,0,0,0,0,0,0,0,0,0,0,0,0,0,0,-484771.4126434326
2021-12-06,0,0,0,0,0,0,0,0,0,0,0,0,0,0,0,0,0,0,0,0,0,0,0,0,0,0,0,0,0,0,0,0,0,0,0,0,0,0,0,0,0,0,0,0,249382.6085510254
2021-12-07,0,0,0,0,0,0,0,0,0,0,0,0,0,0,0,0,0,0,0,0,0,0,0,0,0,0,0,0,0,0,0,0,0,0,0,0,0,0,0,0,0,0,0,0,386280.5643463135
2021-12-08,0,0,0,0,0,0,0,0,0,0,0,0,0,0,0,0,0,0,0,0,0,0,0,0,0,0,0,0,0,0,0,0,0,0,0,0,0,0,0,0,0,0,0,0,25712.12191772461
2021-12-09,0,0,0,0,0,0,0,0,0,0,0,0,0,0,0,0,0,0,0,0,0,0,0,0,0,0,0,0,0,0,0,0,0,0,0,0,0,0,0,0,0,0,0,0,45377.1845703125
2021-12-10,0,0,0,0,0,0,0,0,0,0,0,0,0,0,0,0,0,0,0,0,0,0,0,0,0,0,0,0,0,0,0,0,0,0,0,0,0,0,0,0,0,0,0,0,-223538.2566986084
2021-12-13,0,0,0,0,0,0,0,0,0,0,0,0,0,0,0,0,0,0,0,0,0,0,0,0,0,0,0,0,0,0,0,0,0,0,0,0,0,0,0,0,0,0,0,0,-85819.44122314453
2021-12-14,0,0,0,0,0,0,0,0,0,0,0,0,0,0,0,0,0,0,0,0,0,0,0,0,0,0,0,0,0,0,0,0,0,0,0,0,0,0,0,0,0,0,0,0,-221104.6955871582
2021-12-15,0,0,0,0,0,0,0,0,0,0,0,0,0,0,0,0,0,0,0,0,0,0,0,0,0,0,0,0,0,0,0,0,0,0,0,0,0,0,0,0,0,0,0,0,2272.651580810547
2021-12-16,0,0,0,0,0,0,0,0,0,0,0,0,0,0,0,0,0,0,0,0,0,0,0,0,0,0,0,0,0,0,0,0,0,0,0,0,0,0,0,0,0,0,0,0,-391929.6153411865
2021-12-17,0,0,0,0,0,0,0,0,0,0,0,0,0,0,0,0,0,0,0,0,0,0,0,0,0,0,0,0,0,0,0,0,0,0,0,0,0,0,0,0,0,0,0,0,-337904.13201904297
2021-12-20,0,0,0,0,0,0,0,0,0,0,0,0,0,0,0,0,0,0,0,0,0,0,0,0,0,0,0,0,0,0,0,0,0,0,0,0,0,0,0,0,0,0,0,0,155148.24098205566
2021-12-21,0,0,0,0,0,0,0,0,0,0,0,0,0,0,0,0,0,0,0,0,0,0,0,0,0,0,0,0,0,0,0,0,0,0,0,0,0,0,0,0,0,0,0,0,146711.08197021484
2021-12-22,0,0,0,0,0,0,0,0,0,0,0,0,0,0,0,0,0,0,0,0,0,0,0,0,0,0,0,0,0,0,0,0,0,0,0,0,0,0,0,0,0,0,0,0,200717.7194671631
2021-12-23,0,0,0,0,0,0,0,0,0,0,0,0,0,0,0,0,0,0,0,0,0,0,0,0,0,0,0,0,0,0,0,0,0,0,0,0,0,0,0,0,0,0,0,0,-33406.98133850098
2021-12-27,0,0,0,0,0,0,0,0,0,0,0,0,0,0,0,0,0,0,0,0,0,0,0,0,0,0,0,0,0,0,0,0,0,0,0,0,0,0,0,0,0,0,0,0,159216.79608154297
2021-12-28,0,0,0,0,0,0,0,0,0,0,0,0,0,0,0,0,0,0,0,0,0,0,0,0,0,0,0,0,0,0,0,0,0,0,0,0,0,0,0,0,0,0,0,0,141394.86883544922
2021-12-29,0,0,0,0,0,0,0,0,0,0,0,0,0,0,0,0,0,0,0,0,0,0,0,0,0,0,0,0,0,0,0,0,0,0,0,0,0,0,0,0,0,0,0,0,-39579.41519165039
2021-12-30,0,0,0,0,0,0,0,0,0,0,0,0,0,0,0,0,0,0,0,0,0,0,0,0,0,0,0,0,0,0,0,0,0,0,0,0,0,0,0,0,0,0,0,0,240847.10095214844
2021-12-31,0,0,0,0,0,0,0,0,0,0,0,0,0,0,0,0,0,0,0,0,0,0,0,0,0,0,0,0,0,0,0,0,0,0,0,0,0,0,0,0,0,0,0,0,347533.2055358887
2022-01-03,0,0,0,0,0,0,0,0,0,0,0,0,0,0,0,0,0,0,0,0,0,0,0,0,0,0,0,0,0,0,0,0,0,0,0,0,0,0,0,0,0,0,0,0,117689.77267456055
2022-01-04,0,0,0,0,0,0,0,0,0,0,0,0,0,0,0,0,0,0,0,0,0,0,0,0,0,0,0,0,0,0,0,0,0,0,0,0,0,0,0,0,0,0,0,0,390472.1617279053
2022-01-05,0,0,0,0,0,0,0,0,0,0,0,0,0,0,0,0,0,0,0,0,0,0,0,0,0,0,0,0,0,0,0,0,0,0,0,0,0,0,0,0,0,0,0,0,-125898.0394744873
2022-01-06,0,0,0,0,0,0,0,0,0,0,0,0,0,0,0,0,0,0,0,0,0,0,0,0,0,0,0,0,0,0,0,0,0,0,0,0,0,0,0,0,0,0,0,0,-42616.787994384766
2022-01-07,0,0,0,0,0,0,0,0,0,0,0,0,0,0,0,0,0,0,0,0,0,0,0,0,0,0,0,0,0,0,0,0,0,0,0,0,0,0,0,0,0,0,0,0,124336.6558380127
2022-01-10,0,0,0,0,0,0,0,0,0,0,0,0,0,0,0,0,0,0,0,0,0,0,0,0,0,0,0,0,0,0,0,0,0,0,0,0,0,0,0,0,0,0,0,0,19527.940872192383
2022-01-11,0,0,0,0,0,0,0,0,0,0,0,0,0,0,0,0,0,0,0,0,0,0,0,0,0,0,0,0,0,0,0,0,0,0,0,0,0,0,0,0,0,0,0,0,111968.84442138672
2022-01-12,0,0,0,0,0,0,0,0,0,0,0,0,0,0,0,0,0,0,0,0,0,0,0,0,0,0,0,0,0,0,0,0,0,0,0,0,0,0,0,0,0,0,0,0,128751.19610595703
2022-01-13,0,0,0,0,0,0,0,0,0,0,0,0,0,0,0,0,0,0,0,0,0,0,0,0,0,0,0,0,0,0,0,0,0,0,0,0,0,0,0,0,0,0,0,0,-24888.835357666016
2022-01-14,0,0,0,0,0,0,0,0,0,0,0,0,0,0,0,0,0,0,0,0,0,0,0,0,0,0,0,0,0,0,0,0,0,0,0,0,0,0,0,0,0,0,0,0,-88952.00242614746
2022-01-18,0,0,0,0,0,0,0,0,0,0,0,0,0,0,0,0,0,0,0,0,0,0,0,0,0,0,0,0,0,0,0,0,0,0,0,0,0,0,0,0,0,0,0,0,-115552.49755859375
2022-01-19,0,0,0,0,0,0,0,0,0,0,0,0,0,0,0,0,0,0,0,0,0,0,0,0,0,0,0,0,0,0,0,0,0,0,0,0,0,0,0,0,0,0,0,0,-537250.1764526367
2022-01-20,0,0,0,0,0,0,0,0,0,0,0,0,0,0,0,0,0,0,0,0,0,0,0,0,0,0,0,0,0,0,0,0,0,0,0,0,0,0,0,0,0,0,0,0,-414195.37396240234
2022-01-21,0,0,0,0,0,0,0,0,0,0,0,0,0,0,0,0,0,0,0,0,0,0,0,0,0,0,0,0,0,0,0,0,0,0,0,0,0,0,0,0,0,0,0,0,-563932.8215179443
2022-01-24,0,0,0,0,0,0,0,0,0,0,0,0,0,0,0,0,0,0,0,0,0,0,0,0,0,0,0,0,0,0,0,0,0,0,0,0,0,0,0,0,0,0,0,0,65414.917739868164
2022-01-25,0,0,0,0,0,0,0,0,0,0,0,0,0,0,0,0,0,0,0,0,0,0,0,0,0,0,0,0,0,0,0,0,0,0,0,0,0,0,0,0,0,0,0,0,-184824.92070007324
2022-01-27,0,0,0,0,0,0,0,0,0,0,0,0,0,0,0,0,0,0,0,0,0,0,0,0,0,0,0,0,0,0,0,0,0,0,0,0,0,0,0,0,0,0,0,0,-76259.91806030273
2022-01-28,0,0,0,0,0,0,0,0,0,0,0,0,0,0,0,0,0,0,0,0,0,0,0,0,0,0,0,0,0,0,0,0,0,0,0,0,0,0,0,0,0,0,0,0,407404.8720855713
2022-01-31,0,0,0,0,0,0,0,0,0,0,0,0,0,0,0,0,0,0,0,0,0,0,0,0,0,0,0,0,0,0,0,0,0,0,0,0,0,0,0,0,0,0,0,0,257098.24168395996
2022-02-01,0,0,0,0,0,0,0,0,0,0,0,0,0,0,0,0,0,0,0,0,0,0,0,0,0,0,0,0,0,0,0,0,0,0,0,0,0,0,0,0,0,0,0,0,402737.21353149414
2022-02-02,0,0,0,0,0,0,0,0,0,0,0,0,0,0,0,0,0,0,0,0,0,0,0,0,0,0,0,0,0,0,0,0,0,0,0,0,0,0,0,0,0,0,0,0,-185975.44496154785
2022-02-03,0,0,0,0,0,0,0,0,0,0,0,0,0,0,0,0,0,0,0,0,0,0,0,0,0,0,0,0,0,0,0,0,0,0,0,0,0,0,0,0,0,0,0,0,-123975.71459960938
2022-02-04,0,0,0,0,0,0,0,0,0,0,0,0,0,0,0,0,0,0,0,0,0,0,0,0,0,0,0,0,0,0,0,0,0,0,0,0,0,0,0,0,0,0,0,0,-375133.1820373535
2022-02-07,0,0,0,0,0,0,0,0,0,0,0,0,0,0,0,0,0,0,0,0,0,0,0,0,0,0,0,0,0,0,0,0,0,0,0,0,0,0,0,0,0,0,0,0,113417.66664123535
2022-02-08,0,0,0,0,0,0,0,0,0,0,0,0,0,0,0,0,0,0,0,0,0,0,0,0,0,0,0,0,0,0,0,0,0,0,0,0,0,0,0,0,0,0,0,0,300368.425201416
2022-02-09,0,0,0,0,0,0,0,0,0,0,0,0,0,0,0,0,0,0,0,0,0,0,0,0,0,0,0,0,0,0,0,0,0,0,0,0,0,0,0,0,0,0,0,0,101276.09928894043
2022-02-10,0,0,0,0,0,0,0,0,0,0,0,0,0,0,0,0,0,0,0,0,0,0,0,0,0,0,0,0,0,0,0,0,0,0,0,0,0,0,0,0,0,0,0,0,-299453.37911987305
2022-02-11,0,0,0,0,0,0,0,0,0,0,0,0,0,0,0,0,0,0,0,0,0,0,0,0,0,0,0,0,0,0,0,0,0,0,0,0,0,0,0,0,0,0,0,0,-494843.08558654785
2022-02-14,0,0,0,0,0,0,0,0,0,0,0,0,0,0,0,0,0,0,0,0,0,0,0,0,0,0,0,0,0,0,0,0,0,0,0,0,0,0,0,0,0,0,0,0,643360.7490997314
2022-02-15,0,0,0,0,0,0,0,0,0,0,0,0,0,0,0,0,0,0,0,0,0,0,0,0,0,0,0,0,0,0,0,0,0,0,0,0,0,0,0,0,0,0,0,0,-62158.51335144043
2022-02-16,0,0,0,0,0,0,0,0,0,0,0,0,0,0,0,0,0,0,0,0,0,0,0,0,0,0,0,0,0,0,0,0,0,0,0,0,0,0,0,0,0,0,0,0,-88194.72959899902
2022-02-17,0,0,0,0,0,0,0,0,0,0,0,0,0,0,0,0,0,0,0,0,0,0,0,0,0,0,0,0,0,0,0,0,0,0,0,0,0,0,0,0,0,0,0,0,-73961.49893188477
2022-02-18,0,0,0,0,0,0,0,0,0,0,0,0,0,0,0,0,0,0,0,0,0,0,0,0,0,0,0,0,0,0,0,0,0,0,0,0,0,0,0,0,0,0,0,0,-200116.6392364502
2022-02-22,0,0,0,0,0,0,0,0,0,0,0,0,0,0,0,0,0,0,0,0,0,0,0,0,0,0,0,0,0,0,0,0,0,0,0,0,0,0,0,0,0,0,0,0,-53842.99851989746
2022-02-23,0,0,0,0,0,0,0,0,0,0,0,0,0,0,0,0,0,0,0,0,0,0,0,0,0,0,0,0,0,0,0,0,0,0,0,0,0,0,0,0,0,0,0,0,-937743.8520050049
2022-02-24,0,0,0,0,0,0,0,0,0,0,0,0,0,0,0,0,0,0,0,0,0,0,0,0,0,0,0,0,0,0,0,0,0,0,0,0,0,0,0,0,0,0,0,0,491498.61265563965
2022-02-25,0,0,0,0,0,0,0,0,0,0,0,0,0,0,0,0,0,0,0,0,0,0,0,0,0,0,0,0,0,0,0,0,0,0,0,0,0,0,0,0,0,0,0,0,120659.10391235352
2022-02-28,0,0,0,0,0,0,0,0,0,0,0,0,0,0,0,0,0,0,0,0,0,0,0,0,0,0,0,0,0,0,0,0,0,0,0,0,0,0,0,0,0,0,0,0,-253975.78169250488
2022-03-02,0,0,0,0,0,0,0,0,0,0,0,0,0,0,0,0,0,0,0,0,0,0,0,0,0,0,0,0,0,0,0,0,0,0,0,0,0,0,0,0,0,0,0,0,-366579.3811340332
2022-03-03,0,0,0,0,0,0,0,0,0,0,0,0,0,0,0,0,0,0,0,0,0,0,0,0,0,0,0,0,0,0,0,0,0,0,0,0,0,0,0,0,0,0,0,0,-233842.14668273926
2022-03-04,0,0,0,0,0,0,0,0,0,0,0,0,0,0,0,0,0,0,0,0,0,0,0,0,0,0,0,0,0,0,0,0,0,0,0,0,0,0,0,0,0,0,0,0,-659929.4206085205
2022-03-07,0,0,0,0,0,0,0,0,0,0,0,0,0,0,0,0,0,0,0,0,0,0,0,0,0,0,0,0,0,0,0,0,0,0,0,0,0,0,0,0,0,0,0,0,268944.69215393066
2022-03-08,0,0,0,0,0,0,0,0,0,0,0,0,0,0,0,0,0,0,0,0,0,0,0,0,0,0,0,0,0,0,0,0,0,0,0,0,0,0,0,0,0,0,0,0,449793.34814453125
2022-03-09,0,0,0,0,0,0,0,0,0,0,0,0,0,0,0,0,0,0,0,0,0,0,0,0,0,0,0,0,0,0,0,0,0,0,0,0,0,0,0,0,0,0,0,0,318924.0403137207
2022-03-10,0,0,0,0,0,0,0,0,0,0,0,0,0,0,0,0,0,0,0,0,0,0,0,0,0,0,0,0,0,0,0,0,0,0,0,0,0,0,0,0,0,0,0,0,99870.20359802246
2022-03-11,0,0,0,0,0,0,0,0,0,0,0,0,0,0,0,0,0,0,0,0,0,0,0,0,0,0,0,0,0,0,0,0,0,0,0,0,0,0,0,0,0,0,0,0,133298.94146728516
2022-03-14,0,0,0,0,0,0,0,0,0,0,0,0,0,0,0,0,0,0,0,0,0,0,0,0,0,0,0,0,0,0,0,0,0,0,0,0,0,0,0,0,0,0,0,0,-119067.84294128418
2022-03-15,0,0,0,0,0,0,0,0,0,0,0,0,0,0,0,0,0,0,0,0,0,0,0,0,0,0,0,0,0,0,0,0,0,0,0,0,0,0,0,0,0,0,0,0,472391.9207305908
2022-03-16,0,0,0,0,0,0,0,0,0,0,0,0,0,0,0,0,0,0,0,0,0,0,0,0,0,0,0,0,0,0,0,0,0,0,0,0,0,0,0,0,0,0,0,0,298862.819732666
2022-03-17,0,0,0,0,0,0,0,0,0,0,0,0,0,0,0,0,0,0,0,0,0,0,0,0,0,0,0,0,0,0,0,0,0,0,0,0,0,0,0,0,0,0,0,0,-255194.9228515625
2022-03-21,0,0,0,0,0,0,0,0,0,0,0,0,0,0,0,0,0,0,0,0,0,0,0,0,0,0,0,0,0,0,0,0,0,0,0,0,0,0,0,0,0,0,0,0,267430.1046142578
2022-03-22,0,0,0,0,0,0,0,0,0,0,0,0,0,0,0,0,0,0,0,0,0,0,0,0,0,0,0,0,0,0,0,0,0,0,0,0,0,0,0,0,0,0,0,0,-66420.56941223145
2022-03-23,0,0,0,0,0,0,0,0,0,0,0,0,0,0,0,0,0,0,0,0,0,0,0,0,0,0,0,0,0,0,0,0,0,0,0,0,0,0,0,0,0,0,0,0,115873.36082458496
2022-03-24,0,0,0,0,0,0,0,0,0,0,0,0,0,0,0,0,0,0,0,0,0,0,0,0,0,0,0,0,0,0,0,0,0,0,0,0,0,0,0,0,0,0,0,0,-28324.851440429688
2022-03-25,0,0,0,0,0,0,0,0,0,0,0,0,0,0,0,0,0,0,0,0,0,0,0,0,0,0,0,0,0,0,0,0,0,0,0,0,0,0,0,0,0,0,0,0,110016.02464294434
2022-03-28,0,0,0,0,0,0,0,0,0,0,0,0,0,0,0,0,0,0,0,0,0,0,0,0,0,0,0,0,0,0,0,0,0,0,0,0,0,0,0,0,0,0,0,0,30984.96807861328
2022-03-29,0,0,0,0,0,0,0,0,0,0,0,0,0,0,0,0,0,0,0,0,0,0,0,0,0,0,0,0,0,0,0,0,0,0,0,0,0,0,0,0,0,0,0,0,343762.73544311523
2022-03-30,0,0,0,0,0,0,0,0,0,0,0,0,0,0,0,0,0,0,0,0,0,0,0,0,0,0,0,0,0,0,0,0,0,0,0,0,0,0,0,0,0,0,0,0,-81151.21215820312
2022-03-31,0,0,0,0,0,0,0,0,0,0,0,0,0,0,0,0,0,0,0,0,0,0,0,0,0,0,0,0,0,0,0,0,0,0,0,0,0,0,0,0,0,0,0,0,136024.69938659668
2022-04-01,0,0,0,0,0,0,0,0,0,0,0,0,0,0,0,0,0,0,0,0,0,0,0,0,0,0,0,0,0,0,0,0,0,0,0,0,0,0,0,0,0,0,0,0,166224.29220581055
2022-04-04,0,0,0,0,0,0,0,0,0,0,0,0,0,0,0,0,0,0,0,0,0,0,0,0,0,0,0,0,0,0,0,0,0,0,0,0,0,0,0,0,0,0,0,0,-138488.78630065918
2022-04-05,0,0,0,0,0,0,0,0,0,0,0,0,0,0,0,0,0,0,0,0,0,0,0,0,0,0,0,0,0,0,0,0,0,0,0,0,0,0,0,0,0,0,0,0,-103004.56175231934
2022-04-06,0,0,0,0,0,0,0,0,0,0,0,0,0,0,0,0,0,0,0,0,0,0,0,0,0,0,0,0,0,0,0,0,0,0,0,0,0,0,0,0,0,0,0,0,-84818.37705993652
2022-04-07,0,0,0,0,0,0,0,0,0,0,0,0,0,0,0,0,0,0,0,0,0,0,0,0,0,0,0,0,0,0,0,0,0,0,0,0,0,0,0,0,0,0,0,0,171555.02835083008
2022-04-08,0,0,0,0,0,0,0,0,0,0,0,0,0,0,0,0,0,0,0,0,0,0,0,0,0,0,0,0,0,0,0,0,0,0,0,0,0,0,0,0,0,0,0,0,-125957.24305725098
2022-04-11,0,0,0,0,0,0,0,0,0,0,0,0,0,0,0,0,0,0,0,0,0,0,0,0,0,0,0,0,0,0,0,0,0,0,0,0,0,0,0,0,0,0,0,0,-252403.6594390869
2022-04-12,0,0,0,0,0,0,0,0,0,0,0,0,0,0,0,0,0,0,0,0,0,0,0,0,0,0,0,0,0,0,0,0,0,0,0,0,0,0,0,0,0,0,0,0,-154654.1895751953
2022-04-13,0,0,0,0,0,0,0,0,0,0,0,0,0,0,0,0,0,0,0,0,0,0,0,0,0,0,0,0,0,0,0,0,0,0,0,0,0,0,0,0,0,0,0,0,-246982.14262390137
2022-04-18,0,0,0,0,0,0,0,0,0,0,0,0,0,0,0,0,0,0,0,0,0,0,0,0,0,0,0,0,0,0,0,0,0,0,0,0,0,0,0,0,0,0,0,0,-208165.9736480713
